product_name,country,wine_type,short_description,rating,reviews,price_per_bottle,quantity,actual_price,after_discount_price,saving_amount
Catalyst by Sparkman Cellars Red Blend 2022 ,United States,Red blend,Family-Made Washington Red,,,$39.99 per bottle,12 bottles - $479.88,,,
Bonded Winery No. 2 by The Bundschu Family Sonoma Valley 2022 ,United States,Cabernet Sauvignon,Iconic Sonoma Cab Sauvignon,,1 Review,$54.99 per bottle,12 bottles - $659.88,$659.88- original price,$479.88- savings price,Save $180.00
Pillastro Primitivo 2022 ,Italy,Primitivo,94-Point Italian Bestseller,,1894 Reviews,$15.99 per bottle,12 bottles - $191.88,$191.88- original price,$167.88- savings price,Save $24.00
The Black Stump Durif Shiraz 2024 ,Australia,Durif-based blend,Gold-Medal Aussie Blockbuster,,2199 Reviews,$16.99 per bottle,12 bottles - $203.88,$203.88- original price,$155.88- savings price,Save $48.00
J Opi Malbec 2024 ,Argentina,Malbec,The Magician's Signature Malbec,,1111 Reviews,$16.99 per bottle,12 bottles - $203.88,$203.88- original price,$167.88- savings price,Save $36.00
Pillastro Primitivo 2023 ,Italy,Primitivo,Popular Italian Bestseller,,1888 Reviews,$15.99 per bottle,12 bottles - $191.88,$191.88- original price,$167.88- savings price,Save $24.00
Abbesse Sauvignon Blanc 2024 ,France,Sauvignon Blanc,Fabulous French Sauvignon Blanc,,19 Reviews,$18.99 per bottle,12 bottles - $227.88,$227.88- original price,$167.88- savings price,Save $60.00
w/o Lucido 2024 ,Italy,Lucido,Organically Grown Sicilian White,,43 Reviews,$19.99 per bottle,12 bottles - $239.88,$239.88- original price,$191.88- savings price,Save $48.00
Queen Bee Viognier 2024 ,South Africa,Viognier,Elegant South African Viognier,,39 Reviews,$19.99 per bottle,12 bottles - $239.88,$239.88- original price,$167.88- savings price,Save $72.00
Lobo e Falcão 2024 ,Portugal,Castelão-based blend,Powerful Portuguese Favorite,,935 Reviews,$19.99 per bottle,12 bottles - $239.88,$239.88- original price,$167.88- savings price,Save $72.00
Saracosa 2024 ,Italy,Sangiovese-based blend,Bestselling Super Tuscan,,1085 Reviews,$19.99 per bottle,12 bottles - $239.88,$239.88- original price,$167.88- savings price,Save $72.00
Le Champ des Etoiles Pinot Noir 2024 ,France,Pinot Noir,Bestselling French Pinot,,324 Reviews,$21.99 per bottle,12 bottles - $263.88,$263.88- original price,$191.88- savings price,Save $72.00
Cabalié 2023 ,France,Grenache-based blend,Award-Winning French Favorite,,738 Reviews,$17.99 per bottle,12 bottles - $215.88,$215.88- original price,$179.88- savings price,Save $36.00
Cabalié 2024 ,France,Grenache-based blend,French Favorite,,3 Reviews,$17.99 per bottle,12 bottles - $215.88,$215.88- original price,$179.88- savings price,Save $36.00
Vale de Rosas Pinot Noir Trio 2022 ,,,Gold-Medal Portuguese Pinot Noir—Just $13.99 a Bottle,,,,3 bottles - $50.97,$50.97- original price,$41.97- savings price,Save $9.00
Chasm de Cabrespine Minervois 2019 ,France,Syrah-based blend,Chasm-Aged Southern French Red,,,$24.99 per bottle,12 bottles - $299.88,$299.88- original price,$191.88- savings price,Save $108.00
Abbesse Sauvignon Blanc 2023 ,France,Sauvignon Blanc,Gold-Medal French Sauvignon Blanc,,19 Reviews,$18.99 per bottle,12 bottles - $227.88,,,
The Waxed Bat 2024 ,Argentina,Shiraz-based blend,Acclaimed Argentine Phenomenon,,1256 Reviews,$17.99 per bottle,12 bottles - $215.88,,,
Saserello Rosso 2022 ,Italy,Red blend,Dark-Fruited Sicilian Red,,1135 Reviews,$16.99 per bottle,12 bottles - $203.88,,,
Le Secret des Etoiles Pinot Noir Trio 2024 ,,,Award-Winning French Pinot Noir—25% Off,,,,3 bottles - $89.97,$89.97- original price,$65.97- savings price,Save $24.00
Schroeder Estate Pinot Noir Trio 2024 ,,,Pristine Patagonia Pinot Noir—20% Off,,,,3 bottles - $74.97,$74.97- original price,$59.97- savings price,Save $15.00
Manga del Brujo Blanco 2024 ,Spain,Macabeo-based blend,Old-Vine Spanish White,,19 Reviews,$26.99 per bottle,12 bottles - $323.88,$323.88- original price,$239.88- savings price,Save $84.00
Paraje Lencia Toro Reserva 2020 ,Spain,Tempranillo,Luxurious Spanish Reserva,,,$29.99 per bottle,12 bottles - $359.88,$359.88- original price,$215.88- savings price,Save $144.00
La Chiamata Montepulciano d'Abruzzo 2022 ,Italy,Montepulciano,Classic Italian Montepulciano,,133 Reviews,$15.99 per bottle,12 bottles - $191.88,,,
w/o Frappato 2023 ,Italy,Frappato,94-Point Organically Grown Sicilian Red,,44 Reviews,$19.99 per bottle,12 bottles - $239.88,,,
Inside Track Pinot Noir Trio  ,,,"91-Point, Insiders-Only Pinot Noir—50% Off",,,,3 bottles - $119.97,$119.97- original price,$59.97- savings price,Save $60.00
Prenzoli Collezione Privata Vin Santo del Chianti (half bottle) 2015 ,Italy,Trebbiano-based blend,"Luscious, Top-Estate Vin Santo",,,$29.99 per bottle,12 bottles - $359.88,,,
Aluado Alicante Bouschet 2023 ,Portugal,Alicante Bouschet,Bestselling Portuguese Red,,1503 Reviews,$15.99 per bottle,12 bottles - $191.88,$191.88- original price,$155.88- savings price,Save $36.00
Antonio Federici Rosso 2021 ,Italy,Red blend,Heralded Roman Sensation,,258 Reviews,$22.99 per bottle,12 bottles - $275.88,,,
Pagos de Tahola Rioja 2023 ,Spain,Tempranillo,"Top-Estate, Gold-Medal Rioja",,564 Reviews,$17.99 per bottle,12 bottles - $215.88,,,
Collezione di Paolo Chianti 2023 ,Italy,Sangiovese,Top Winemaker’s Signature Chianti,,616 Reviews,$18.99 per bottle,12 bottles - $227.88,,,
Capisco Pinot Grigio 2024 ,Italy,Pinot Grigio,Thrilling Italian Pinot Grigio,,,$14.99 per bottle,12 bottles - $179.88,,,
Gewürztraminer Grand Cru Trio  ,,,Luxe Alsace Grand Cru Gewürztraminer—30% Off,,,,3 bottles - $149.97,$149.97- original price,$104.97- savings price,Save $45.00
Crimson Berry Farms Arabica Noir (half bottle) NV ,United States,Other Red,Decadent Dessert Wine,,,$29.99 per bottle,12 bottles - $359.88,,,
Edouard Leiber Six  ,,,Over $90 Off—Top-Estate Alsace Whites,,,,6 bottles - $247.94,$247.94- original price,$149.94- savings price,Save $98.00
Saracosa Governo Rosso 2023 ,Italy,Sangiovese-based blend,98-Point Tuscan Rarity,,763 Reviews,$24.99 per bottle,12 bottles - $299.88,,,
Baronesa de Vilar Rosé Port (50cl) NV ,Portugal,Red blend,Portugal’s Sweet New Sensation,,,$24.99 per bottle,3 bottles - $74.97,$74.97- original price,$59.97- savings price,Save $15.00
L'Epiphanie de Sauternes (half bottle) 2019 ,France,Sémillon-based blend,"95-Point, Top-Secret Sauternes",,3 Reviews,$39.99 per bottle,12 bottles - $479.88,,,
The Jumper Sauvignon Blanc 2024 ,New Zealand,Sauvignon Blanc,Classic New Zealand Sauvignon Blanc,,422 Reviews,$22.99 per bottle,12 bottles - $275.88,,,
Crimson Berry Farms Pasek Cranberry Wine NV ,United States,Cranberry,Totally Unique Cranberry Wine,,11 Reviews,$19.99 per bottle,12 bottles - $239.88,,,
Baronesa de Vilar White Port NV ,Portugal,Gouveio,Family-Made White Port,,10 Reviews,$24.99 per bottle,3 bottles - $74.97,$74.97- original price,$59.97- savings price,Save $15.00
Riesling Grand Cru Pfingstberg  ,,,Premium Alsace Grand Cru Riesling—30% Off,,,,3 bottles - $149.97,$149.97- original price,$104.97- savings price,Save $45.00
Vina Baccana Pinot Grigio 2023 ,Italy,Pinot Grigio,Classic Italian Pinot Grigio,,532 Reviews,$16.99 per bottle,12 bottles - $203.88,,,
Prestige de Mireval Cabernet Sauvignon 2023 ,France,Cabernet Sauvignon,"Gold-Medal, Barrel-Aged French Cabernet",,86 Reviews,$18.99 per bottle,12 bottles - $227.88,,,
Cuvée du Vatican Réserve de l'Abbé Côtes du Rhône 2023 ,France,Syrah-based blend,Top-Estate Côtes-du-Rhône Réserve,,289 Reviews,$19.99 per bottle,12 bottles - $239.88,,,
Le Champ des Etoiles Chardonnay 2023 ,France,Chardonnay,Barrel-Aged French Chardonnay,,145 Reviews,$21.99 per bottle,12 bottles - $263.88,,,
RedHeads The Red Sedan Cabernet Sauvignon Shiraz 2021 ,Australia,Cabernet-based blend,Boutique Australian Blockbuster,,161 Reviews,$19.99 per bottle,12 bottles - $239.88,,,
La Cantera Reserva 2019 ,Spain,Tempranillo-based blend,Old-Vine Spanish Reserva,,,$17.99 per bottle,12 bottles - $215.88,$215.88- original price,$179.88- savings price,Save $36.00
Altos de la Guardia Tempranillo 2022 ,Spain,Tempranillo,Acclaimed Estate's 90-Point Rioja,,190 Reviews,$21.99 per bottle,12 bottles - $263.88,,,
L'Art Provençal Rosé 2023 ,France,Grenache-based blend,Artful Provence Rosé,,67 Reviews,$22.99 per bottle,12 bottles - $275.88,,,
El Bombero 2023 ,Spain,Garnacha,Old-Vine Spanish Garnacha,,466 Reviews,$16.99 per bottle,12 bottles - $203.88,,,
Stones & Bones (Magnum) 2023 ,Portugal,Touriga Nacional-based blend,Portuguese Blockbuster MAGNUM,,,$34.99 per bottle,12 bottles - $419.88,,,
des Armes des Princes 2024 ,France,Grenache-based blend,Rich Rhône Red,,,$22.99 per bottle,12 bottles - $275.88,,,
NXT BNK Meritage Red Wine 2024 ,United States,Red blend,Your Next Favorite Red Blend,,,$24.99 per bottle,12 bottles - $299.88,,,
Massaro Del Fondo Appassimento 2024 ,Italy,Red blend,Full-Flavored Italian Blockbuster,,371 Reviews,$21.99 per bottle,12 bottles - $263.88,,,
Yarrunga Field Special Reserve White 2025 ,Australia,White blend,Sunshine-in-a-Glass from Australia,,138 Reviews,$15.99 per bottle,12 bottles - $191.88,,,
Palumbo Puglia 2024 ,Italy,Nero di Troia-based blend,Rich Southern Italian Red,,59 Reviews,$15.99 per bottle,12 bottles - $191.88,,,
Hacienda de Lluna Viognier 2024 ,Spain,Viognier,Lovely Spanish Viognier,,1 Review,$15.99 per bottle,12 bottles - $191.88,,,
Valoroso Cabernet Sauvignon 2023 ,Portugal,Cabernet Sauvignon,Valiant Portuguese Cabernet,,88 Reviews,$23.99 per bottle,12 bottles - $287.88,,,
La Cuadrilla de Sobreño 2023 ,Spain,Tinta de Toro,Tantalizing Spanish Red,,21 Reviews,$22.99 per bottle,12 bottles - $275.88,,,
Farinelli Pinot Grigio 2024 ,Italy,Pinot Grigio,Classic Italian Pinot Grigio,,125 Reviews,$12.99 per bottle,12 bottles - $155.88,,,
Côte de Cristal Piquepoul 2024 ,France,Picpoul,Thrillingly Fresh Mediterranean White,,,$19.99 per bottle,12 bottles - $239.88,,,
Mirlo Merlot 2024 ,Spain,Merlot,Easy-Drinking Spanish Merlot,,,$14.99 per bottle,12 bottles - $179.88,,,
Saserello Rosso 2024 ,Italy,Red blend,Dark-Fruited Sicilian Red,,1135 Reviews,$19.99 per bottle,12 bottles - $239.88,,,
Colle Marianna Soave 2024 ,Italy,Garganega,Star Winemaker’s Fine Soave,,19 Reviews,$19.99 per bottle,12 bottles - $239.88,,,
Le Serret Haut Medoc 2021 ,France,Merlot-based blend,Elegant Left Bank Bordeaux,,,$29.99 per bottle,12 bottles - $359.88,,,
DeLoach Private Collection Zinfandel 2019 ,United States,Zinfandel,Old-Vine Lodi Zin Release,,54 Reviews,$26.99 per bottle,12 bottles - $323.88,,,
Vecciano 2021 ,Italy,Sangiovese-based blend,Esteemed Tuscan Legend,,1 Review,$42.99 per bottle,12 bottles - $515.88,,,
Stones & Bones 2023 ,Portugal,Touriga Nacional-based blend,Best-Selling Portuguese Blockbuster,,1722 Reviews,$16.99 per bottle,12 bottles - $203.88,,,
Château Le Coin Bordeaux 2024 ,France,Merlot-based blend,Classic Dark-Fruited Bordeaux,,6 Reviews,$23.99 per bottle,12 bottles - $287.88,,,
Edizione Limitata Numerata Chianti Numero 3 Particella 2022 ,Italy,Sangiovese,Iconic Chianti,,21 Reviews,$24.99 per bottle,12 bottles - $299.88,$299.88- original price,$203.88- savings price,Save $96.00
Lustrato Prosecco  ,Italy,Glera,Celebration-Worthy Prosecco,,1 Review,$18.99 per bottle,12 bottles - $227.88,,,
Casa de Vila Verde 2024 ,Portugal,Loureiro-based blend,Portugal’s Freshest White,,192 Reviews,$15.99 per bottle,12 bottles - $191.88,,,
Black Saint Peter Lodi Zinfandel Lodi 2023 ,United States,Zinfandel,Bestselling Lodi Zinfandel,,,$19.99 per bottle,12 bottles - $239.88,$239.88- original price,$179.88- savings price,Save $60.00
Trimboli Salvatore Trebbiano 2024 ,Australia,Trebbiano,Barrel-Aged Australian Trebbiano,,39 Reviews,$15.99 per bottle,12 bottles - $191.88,,,
Peña Garnacha 2023 ,Spain,Garnacha,Old-Vine Spanish Garnacha,,10 Reviews,$16.99 per bottle,12 bottles - $203.88,,,
Quinta do Espírito Santo 2023 ,Portugal,Castelão-based blend,Top-Estate Portuguese Blockbuster,,194 Reviews,$19.99 per bottle,12 bottles - $239.88,,,
Antonio Federici Rosso Roma 2022 ,Italy,Montepulciano-based blend,Heralded Roman Sensation,,258 Reviews,$22.99 per bottle,12 bottles - $275.88,,,
200 Gallons Reserva 2022 ,Portugal,Alicante Bouschet,Historic Portuguese Reserva,,100 Reviews,$22.99 per bottle,12 bottles - $275.88,,,
Les Pagodes de Cos C12 2009 ,France,Red blend,“Incredibly Sexy” 2009 Bordeaux,,1 Review,$89.99 per bottle,12 bottles - $1079.88,,,
Purple Owl Pinot Noir 2024 ,United States,Pinot Noir,Best-Selling California Pinot Noir,,222 Reviews,$19.99 per bottle,12 bottles - $239.88,,,
Affogato 2024 ,Italy,Nero di Troia-based blend,Luscious Puglian Red,,152 Reviews,$15.99 per bottle,12 bottles - $191.88,,,
Black Saint Peter Old Vine Zinfandel 2023 ,United States,Zinfandel,Award-Winning Lodi Zinfandel,,413 Reviews,$19.99 per bottle,12 bottles - $239.88,,,
Purple Owl Pinot Noir 2023 ,United States,Pinot Noir,Best-Selling California Pinot Noir,,223 Reviews,$19.99 per bottle,12 bottles - $239.88,,,
Altos de la Guardia Blanco 2022 ,Spain,White blend,Lush White Rioja,,2 Reviews,$21.99 per bottle,12 bottles - $263.88,,,
Dark Corner Durif Shiraz 2024 ,Australia,Durif-based blend,Acclaimed Australian Red,,620 Reviews,$14.99 per bottle,12 bottles - $179.88,,,
The Inaugural R Collection by Raymond Vineyards Cab Sauv 2024 ,United States,Cabernet Sauvignon,Top-Estate California Cab,,1337 Reviews,$24.99 per bottle,12 bottles - $299.88,$299.88- original price,$227.88- savings price,Save $72.00
Vesuvium Greco di Tufo 2022 ,Italy,Greco,A Refreshing Italian Rarity,,14 Reviews,$29.99 per bottle,12 bottles - $359.88,,,
Corsiero Nero 2024 Trio  ,,,Gold-Medal Italian Red—Just $11.99 a Bottle,,,,3 bottles - $56.97,$56.97- original price,$35.97- savings price,Save $21.00
Shroud Mountain Cabernet Sauvignon 2023 ,United States,Cabernet-based blend,Crowdpleasing Cabernet,,,$24.99 per bottle,12 bottles - $299.88,,,
Capital Z Zinfandel 2023 ,United States,Zinfandel,Intense Lodi Zinfandel,,222 Reviews,$16.99 per bottle,12 bottles - $203.88,,,
Hacienda de Lluna Moscatel Rosado 2024 ,Spain,Moscatel,Low-Alcohol Rosé Moscato,,,$11.99 per bottle,12 bottles - $143.88,,,
Font del Victoire Pinot Noir 2024 ,France,Pinot Noir,Southern French Pinot Noir,,5 Reviews,$22.99 per bottle,12 bottles - $275.88,,,
"Edizione Limitata Numerata, Numero 21 Venezia Guilia Rosso 2015 ",Italy,Refosco-based blend,Mature Italian Refosco Rarity,,,$39.99 per bottle,12 bottles - $479.88,,,
Lima Dorata Pinot Grigio 2024 ,Italy,Pinot Grigio,Elegant Italian Pinot Grigio,,13 Reviews,$19.99 per bottle,12 bottles - $239.88,,,
Hole in the Clouds Sauvignon Blanc 2024 ,New Zealand,Sauvignon Blanc,Top-Estate New Zealand Sauvignon Blanc,,80 Reviews,$23.99 per bottle,12 bottles - $287.88,,,
Stones & Bones 3 litre Wine Box 2021 ,Portugal,Touriga Nacional-based blend,Portuguese Fave—Now in a Sleek Box,,11 Reviews,$35.99 per box,12 boxes - $431.88,,,
Belle Roche Cabernet Sauvignon 2024 ,France,Cabernet Sauvignon,Stylish French Cab,,421 Reviews,$19.99 per bottle,12 bottles - $239.88,,,
La Chiamata Montepulciano d'Abruzzo 2023 ,Italy,Montepulciano,Classic Italian Montepulciano,,133 Reviews,$15.99 per bottle,12 bottles - $191.88,,,
The Assist Cabernet Sauvignon 2024 ,United States,Cabernet Sauvignon,Triumphant California Cabernet,,93 Reviews,$19.99 per bottle,12 bottles - $239.88,,,
The Clink Petite Sirah Petit Verdot 2022 ,United States,Red blend,Double-Gold-Medal California Red,,64 Reviews,$18.99 per bottle,12 bottles - $227.88,,,
Stonewall Sauvignon Blanc 2023 ,New Zealand,Sauvignon Blanc,Top-Estate Marlborough Sauvignon Blanc,,241 Reviews,$23.99 per bottle,12 bottles - $287.88,,,
Palumbo Falanghina 2024 ,Italy,Falanghina,Delightful New Falanghina,,,$15.99 per bottle,12 bottles - $191.88,,,
Drawbridge Cabernet Sauvignon 2023 ,United States,Cabernet Sauvignon,Classic California Cabernet,,109 Reviews,$18.99 per bottle,12 bottles - $227.88,,,
Corsiero Nero Puglia 2024 ,Italy,Nero di Troia,Rich Italian Rarity,,974 Reviews,$18.99 per bottle,12 bottles - $227.88,,,
"Inside Track Cabernet Sauvignon 2022, Barossa Valley Trio  ",,,Limited-Release Barossa Valley Cab—Save 50%,,,,3 bottles - $89.97,$89.97,$44.97,Save $45.00
RedHeads Barrel Monkeys Shiraz Cabernet 2022 ,Australia,Shiraz-based blend,Barrel-Aged Barossa Blend,,3 Reviews,$24.99 per bottle,12 bottles - $299.88,,,
Saserello Bianco 2023 ,Italy,White blend,Vibrant Sicilian White Rarity,,48 Reviews,$16.99 per bottle,12 bottles - $203.88,,,
Alambrado Malbec 2024 ,Argentina,Malbec,Forever Favorite Malbec,,1039 Reviews,$22.99 per bottle,12 bottles - $275.88,,,
Split Rock Sauvignon Blanc 2023 ,New Zealand,Sauvignon Blanc,Acclaimed New Zealand Sauvignon,,157 Reviews,$21.99 per bottle,12 bottles - $263.88,,,
Domaine Martin Rasteau 2023 ,France,Grenache-based blend,Old-Vine Rhône red,,51 Reviews,$36.99 per bottle,12 bottles - $443.88,,,
McPherson Aquarius Marsanne Viognier 2024 ,Australia,Marsanne-based blend,Vibrant Aussie White,,53 Reviews,$21.99 per bottle,12 bottles - $263.88,,,
Palacio del Conde Gran Selección 2020 ,Spain,Tempranillo,Barrel-Aged Spanish Gran Selección,,790 Reviews,$19.99 per bottle,12 bottles - $239.88,,,
Prestige de Mireval Cabernet Sauvignon 2024 ,France,Cabernet Sauvignon,Barrel-Aged French Cabernet,,86 Reviews,$18.99 per bottle,12 bottles - $227.88,,,
Cuvée Prestigieux Côtes du Rhône 2023 ,France,Grenache-based blend,Delicious Côtes-du-Rhône,,16 Reviews,$18.99 per bottle,12 bottles - $227.88,,,
La Scelta di Sofia Toscana 2024 ,Italy,Sangiovese,Rare White Sangiovese,,2 Reviews,$21.99 per bottle,12 bottles - $263.88,,,
The Huguenot Chenin Blanc 2021 ,South Africa,Chenin Blanc,Historic-Estate Chenin Blanc,,68 Reviews,$11.99 per bottle,12 bottles - $143.88,,,
Rookery Red Zinfandel 2023 ,United States,Zinfandel,Smooth California Zinfandel,,11 Reviews,$17.99 per bottle,12 bottles - $215.88,,,
Maureen O'Hara Sauvignon Blanc 2022 ,United States,Sauvignon Blanc,Striking Washington Sauvignon Blanc,,5 Reviews,$24.99 per bottle,12 bottles - $299.88,,,
Currant Bun Red Blend 2023 ,United States,Red blend,A True California Treat,,82 Reviews,$16.99 per bottle,12 bottles - $203.88,,,
Portinho do Côvo Branco 2024 ,Portugal,White blend,Fresh Portuguese White,,43 Reviews,$16.99 per bottle,12 bottles - $203.88,,,
Pillastro Selezione d'Oro Puglia 2023 ,Italy,Primitivo-based blend,Sensational Italian Blockbuster,,777 Reviews,$24.99 per bottle,12 bottles - $299.88,,,
Tenuta Albrizzi Cabernet Sauvignon Primitivo 2022 ,Italy,Red blend,Sumptuous ‘Super Puglian’,,291 Reviews,$17.99 per bottle,12 bottles - $215.88,,,
Big Hitter Souzao 2022 ,United States,Souzao,96-Point California Rarity,,2 Reviews,$19.99 per bottle,12 bottles - $239.88,,,
La Chiamata Trebbiano 2024 ,Italy,Trebbiano,Classic Italian Trebbiano,,51 Reviews,$15.99 per bottle,12 bottles - $191.88,,,
Rushrose GSM 2024 ,United States,Red blend,Quintessential California GSM,,35 Reviews,$32.99 per bottle,12 bottles - $395.88,,,
Aluado Alicante Bouschet Reserva 2022 ,Portugal,Alicante Bouschet,Sumptuous Portuguese Reserva,,219 Reviews,$21.99 per bottle,12 bottles - $263.88,,,
Pillastro Nero 2023 ,Italy,Cabernet-based blend,Old-Vine Puglian Red,,264 Reviews,$24.99 per bottle,12 bottles - $299.88,,,
Tenuta Fenice Nero d’Avola 2024 ,Italy,Nero d'Avola,Historic Sicilian Nero d’Avola,,316 Reviews,$19.99 per bottle,12 bottles - $239.88,,,
Pagos de Tahola Rioja Reserva 2016 ,Spain,Tempranillo,Perfectly Aged Rioja Reserva,,211 Reviews,$29.99 per bottle,12 bottles - $359.88,,,
Onda Anima Vermentino di Gallura 2024 ,Italy,Vermentino,Vibrant Island Wine,,,$42.99 per bottle,12 bottles - $515.88,,,
Hayrick Sauvignon Blanc 2023 ,United States,Sauvignon Blanc,Fresh California Sauvignon Blanc,,12 Reviews,$17.99 per bottle,12 bottles - $215.88,,,
Fire & Foal Sauvignon Blanc 2024 ,South Africa,Sauvignon Blanc,Zippy South African Sauvignon,,28 Reviews,$15.99 per bottle,12 bottles - $191.88,,,
Viña Altogrado 2024 ,Spain,Garnacha,Old-Vine Spanish Garnacha,,157 Reviews,$19.99 per bottle,12 bottles - $239.88,,,
La Belle Saison Sauvignon Blanc 2024 ,France,Sauvignon Blanc,Crisp French Sauvignon Blanc,,2 Reviews,$16.99 per bottle,12 bottles - $203.88,,,
The Coach House Malbec 2024 ,South Africa,Malbec,Juicy South African Malbec,,3 Reviews,$18.99 per bottle,12 bottles - $227.88,,,
Inside Track Limited Release Barossa Valley Cabernet Sauvignon 2022 ,Australia,Cabernet Sauvignon,Top-Secret Barossa Cabernet,,3 Reviews,$29.99 per bottle,12 bottles - $359.88,$359.88,$215.88,Save $144.00
Bottle Poetry Pinot Noir 2023 ,United States,Pinot Noir,Silky California Pinot Noir,,65 Reviews,$21.99 per bottle,12 bottles - $263.88,,,
Silver Puffs Sauvignon Blanc 2024 ,United States,Sauvignon Blanc,Tropical California Sauvignon Blanc,,112 Reviews,$19.99 per bottle,12 bottles - $239.88,,,
The Clink Petite Sirah Petit Verdot 2023 ,United States,Red blend,Criminally Good California Red,,64 Reviews,$18.99 per bottle,12 bottles - $227.88,,,
Croix Saint Salvy Sauvignon Blanc 2023 ,France,Sauvignon Blanc,Hidden Gem Sauvignon Blanc,,2 Reviews,$19.99 per bottle,12 bottles - $239.88,,,
Cuvée du Vatican Réserve de l'Abbé Côtes du Rhône 2024 ,France,Syrah-based blend,Top-Estate Côtes-du-Rhône Réserve,,289 Reviews,$19.99 per bottle,12 bottles - $239.88,,,
Capisco Pinot Grigio 2023 ,Italy,Pinot Grigio,Thrilling Italian Pinot Grigio,,1 Review,$14.99 per bottle,12 bottles - $179.88,,,
Ciccio Grillo 2024 ,Italy,Grillo,Authentic Italian Grillo,,1 Review,$21.99 per bottle,12 bottles - $263.88,,,
La Nuit Blanche Cabernet Blanc 2024 ,France,Cabernet Blanc,Super-Rare French White,,13 Reviews,$26.99 per bottle,12 bottles - $323.88,,,
Drawbridge Cabernet Sauvignon 2024 ,United States,Cabernet Sauvignon,Classic California Cabernet,,109 Reviews,$18.99 per bottle,12 bottles - $227.88,,,
Saracosa Governo Rosso 2024 ,Italy,Sangiovese-based blend,Sumptuous Tuscan Rarity,,673 Reviews,$24.99 per bottle,12 bottles - $299.88,$299.88,$239.88,Save $60.00
Aluado Chardonnay 2024 ,Portugal,Chardonnay,Elegant Portuguese Chardonnay,,1 Review,$15.99 per bottle,12 bottles - $191.88,,,
Vina Baccana Pinot Grigio 2024 ,Italy,Pinot Grigio,Classic Italian Pinot Grigio,,532 Reviews,$16.99 per bottle,12 bottles - $203.88,,,
Purezza Red 2024 ,Italy,Nero di Troia-based blend,Organically Grown Italian Red,,18 Reviews,$17.99 per bottle,12 bottles - $215.88,,,
Sunny Farm Chardonnay 2022 ,United States,Chardonnay,94-Point California Chardonnay,,50 Reviews,$17.99 per bottle,12 bottles - $215.88,,,
Farinelli Rosso  ,Italy,Montepulciano-based blend,Pasta-Perfect Italian Montepulciano,,24 Reviews,$12.99 per bottle,12 bottles - $155.88,,,
Vignobles Canet Picpoul de Pinet 2023 ,France,Picpoul,Mouthwatering Mediterranean White,,88 Reviews,$24.99 per bottle,12 bottles - $299.88,,,
Stonewall Sauvignon Blanc 2024 ,New Zealand,Sauvignon Blanc,Top-Estate Marlborough Sauvignon Blanc,,241 Reviews,$24.99 per bottle,12 bottles - $299.88,,,
W/O Frappato Trio  ,,,Gold-Medal Sicilian Red—Save 30%,,,,3 bottles - $59.97,$59.97,$41.97,Save $18.00
Sam Trimboli Bin Select Shiraz Durif Grenache 2024 ,Australia,Shiraz-based blend,Top Winemaker’s Sumptuous Aussie Red,,3 Reviews,$18.99 per bottle,12 bottles - $227.88,,,
HJ Fabre Assemblage Malbec Syrah 2023 ,Argentina,Malbec-based blend,Unique Argentine Malbec Blend,,8 Reviews,$23.99 per bottle,12 bottles - $287.88,,,
13 Years Reserve Cabernet Sauvignon 2021 ,United States,Cabernet Sauvignon,Award-Winning California Cabernet Reserve,,6 Reviews,$29.99 per bottle,12 bottles - $359.88,,,
The Huguenot Chenin Blanc 2025 ,South Africa,Chenin Blanc,Historic-Estate Chenin Blanc,,68 Reviews,$14.99 per bottle,12 bottles - $179.88,,,
La Chiamata Montepulciano Riserva 2020 ,Italy,Montepulciano,Montepulciano Riserva Rarity,,3 Reviews,$24.99 per bottle,12 bottles - $299.88,$299.88,$227.88,Save $72.00
Alessandro Gallici Pinot Grigio 2024 ,Italy,Pinot Grigio,Classic Italian Pinot Grigio,,305 Reviews,$13.99 per bottle,12 bottles - $167.88,,,
Schroeder Estate Patagonia Malbec 2024 ,Argentina,Malbec,Powerful Patagonia Malbec,,709 Reviews,$24.99 per bottle,12 bottles - $299.88,$299.88,$227.88,Save $72.00
Schroeder Estate Patagonia Pinot Noir 2024 ,Argentina,Pinot Noir,Prime Patagonia Pinot,,,$24.99 per bottle,12 bottles - $299.88,$299.88,$227.88,Save $72.00
Von Reben Riesling Rheinhessen 2023 ,Germany,Riesling,Wonderfully Crisp German Riesling,,,$18.99 per bottle,12 bottles - $227.88,,,
Villa Clarius 2024 ,France,Carignan,Smooth Southern French Red,,5 Reviews,$18.99 per bottle,12 bottles - $227.88,,,
Initial Cabernet Sauvignon 2021 ,United States,Cabernet Sauvignon,Top-Estate California Cab,,20 Reviews,$21.99 per bottle,12 bottles - $263.88,,,
Bartolomeo Lorenzi Valpolicella Ripasso 2021 ,Italy,Red blend,"Decadent ""Baby Amarone""",,32 Reviews,$29.99 per bottle,12 bottles - $359.88,,,
The Black Stump Reserve Shiraz 2023 ,Australia,Shiraz,Old Vine Australian Shiraz Reserve,,194 Reviews,$21.99 per bottle,12 bottles - $263.88,,,
Ermita de San Lorenzo Gran Selección 2018 ,Spain,Garnacha-based blend,Stunning Spanish Rarity,,8 Reviews,$19.99 per bottle,12 bottles - $239.88,,,
Maison Maillet Rosé 2024 ,France,Grenache-based blend,Classic Provence Rosé,,2 Reviews,$17.99 per bottle,12 bottles - $215.88,,,
Thick Skin Cabernet Sauvignon 2023 ,United States,Cabernet Sauvignon,Bold California Cabernet.,,49 Reviews,$22.99 per bottle,12 bottles - $275.88,,,
Alessandro Gallici Prosecco Anniversario Rosato 2023 ,Italy,Glera,Luxury Vintage Prosecco – in Pink!,,15 Reviews,$26.99 per bottle,12 bottles - $323.88,,,
Château Moulin du Prieur 2022 ,France,Merlot,Brilliant Boutique Bordeaux,,109 Reviews,$19.99 per bottle,12 bottles - $239.88,,,
Le Champ des Etoiles Chardonnay 2024 ,France,Chardonnay,Barrel-Aged French Chardonnay,,145 Reviews,$21.99 per bottle,12 bottles - $263.88,,,
Dominio de Los Duques Cava  ,Spain,Macabeo-based blend,Exclusive Spanish Sparkles,,17 Reviews,$16.99 per bottle,12 bottles - $203.88,,,
HJ Fabre Gran Reserva Malbec 2022 ,Argentina,Malbec,Star Winemaker’s Gran Reserva Malbec,,109 Reviews,$34.99 per bottle,12 bottles - $419.88,,,
¡Hola! Desde Barcelona Reserva NV ,Spain,White blend,Top-Quality Spanish Sparkler,,,$28.99 per bottle,12 bottles - $347.88,,,
Bariloche Malbec 2023 ,Argentina,Malbec,Roaring Good Argentine Malbec,,27 Reviews,$18.99 per bottle,6 bottles - $113.94,$113.94,$89.94,Save $24.00
Il Poeta Chardonnay 2024 ,Italy,Chardonnay,Elegant Piedmont Chardonnay,,,$24.99 per bottle,12 bottles - $299.88,,,
Sendero das Meigas Albariño 2020 ,Spain,Albariño,Gold-Medal Albariño,,20 Reviews,$21.99 per bottle,12 bottles - $263.88,,,
Cabalié Rosé 2024 ,France,Grenache-based blend,Mouthwatering French Rosé,,3 Reviews,$17.99 per bottle,12 bottles - $215.88,,,
Yarrunga Field Special Reserve White 2024 ,Australia,White blend,Sunshine-in-a-Glass from Australia,,138 Reviews,$15.99 per bottle,12 bottles - $191.88,,,
Altos de la Guardia Selección de Familia Rioja 2014 ,Spain,Tempranillo,Rare Rioja Library Release,,1 Review,$29.99 per bottle,12 bottles - $359.88,,,
Amandla Sauvignon Blanc 2024 ,South Africa,Sauvignon Blanc,Wine of Show Winner at Our NYC Tasting 2025,,13 Reviews,$19.99 per bottle,12 bottles - $239.88,,,
Al Hirschfeld Petite Sirah 2021 ,United States,Petite Sirah,Scene-Stealing California Petite Sirah,,3 Reviews,$17.99 per bottle,12 bottles - $215.88,,,
L'Epiphanie de Bordeaux Blanc 2021 ,France,Sauvignon Blanc,Insiders-Only White Bordeaux,,2 Reviews,$49.99 per bottle,12 bottles - $599.88,,,
Le Malbec d’Hervé 2021 ,France,Malbec,Rich French Malbec,,73 Reviews,$15.99 per bottle,12 bottles - $191.88,,,
Late Arrival Carignane 2021 ,United States,Carignan,Rare Lodi Carignane,,8 Reviews,$21.99 per bottle,12 bottles - $263.88,,,
Bartolomeo Lorenzi Amarone 2020 ,Italy,Red blend,Fine Amarone from Pioneering Winery,,25 Reviews,$59.99 per bottle,12 bottles - $719.88,,,
The Gooseberry Bush 2024 ,South Africa,Colombard,South African Thirst Quencher,,215 Reviews,$14.99 per bottle,12 bottles - $179.88,,,
GFF Petite Sirah 2023 ,United States,Petite Sirah,Family-Made California Red,,8 Reviews,$19.99 per bottle,12 bottles - $239.88,,,
Camera Obscura Petit Verdot 2023 ,United States,Petit Verdot,"Deep, Dark California Petit Verdot",,8 Reviews,$21.99 per bottle,12 bottles - $263.88,,,
Left of Ordinary Tannat 2023 ,United States,Tannat,Best-in-Glass California Tannat,,18 Reviews,$21.99 per bottle,12 bottles - $263.88,,,
Thick Skin Cabernet Sauvignon 2022 ,United States,Cabernet Sauvignon,Bold Gold-Medal California Cabernet,,49 Reviews,$21.99 per bottle,12 bottles - $263.88,,,
Prezza Prosecco Rosé 2021 ,Italy,Glera,Top-Estate Prosecco Rosé,,10 Reviews,$21.99 per bottle,12 bottles - $263.88,,,
KAPA Cabernet Sauvignon 2022 ,United States,Cabernet Sauvignon,Gold-Medal California Cabernet,,35 Reviews,$21.99 per bottle,12 bottles - $263.88,,,
Château La Clarière Blanc 2023 ,France,Sauvignon-based blend,Classy White Bordeaux,,11 Reviews,$34.99 per bottle,12 bottles - $419.88,,,
Henry Greuzard Mâcon la Roche Vineuse Vieilles Vignes 2021 ,France,Chardonnay,Old-Vine Burgundy,,29 Reviews,$26.99 per bottle,12 bottles - $323.88,,,
Wild Child Chardonnay 2024 ,South Africa,Chardonnay,Refreshing South African Chardonnay,,94 Reviews,$21.99 per bottle,12 bottles - $263.88,,,
w/o Nero d'Avola Rosato 2024 ,Italy,Nero d'Avola,Organically Grown Sicilian Rosato,,3 Reviews,$19.99 per bottle,12 bottles - $239.88,,,
The Assist Cabernet Sauvignon 2023 ,United States,Cabernet Sauvignon,Triumphant California Cabernet,,93 Reviews,$19.99 per bottle,12 bottles - $239.88,,,
Lobo e Falcão Branco 2024 ,Portugal,Fernão Pires-based blend,Top-Estate Portuguese White,,123 Reviews,$19.99 per bottle,12 bottles - $239.88,,,
Brightwater Nelson Sauvignon Blanc 2023 ,New Zealand,Sauvignon Blanc,Thrilling New Zealand Sauvignon Blanc,,27 Reviews,$26.99 per bottle,12 bottles - $323.88,,,
Julien Bouchard Bourgogne Côte d'Or Pinot Noir 2022 ,France,Pinot Noir,The Best of Burgundy,,1 Review,$39.99 per bottle,12 bottles - $479.88,,,
Book of the Day Pinot Noir 2023 ,United States,Pinot Noir,Lush California Pinot Noir,,1 Review,$23.99 per bottle,12 bottles - $287.88,,,
Lustrum Petite Sirah 2023 ,United States,Petite Sirah,"Petite Sirah, BIG flavor",,8 Reviews,$18.99 per bottle,12 bottles - $227.88,,,
Ticking Clock White Blend 2023 ,United States,White blend,Delicious Lodi Discovery,,10 Reviews,$21.99 per bottle,12 bottles - $263.88,,,
Le Malbec d’Hervé 2024 ,France,Malbec,Rich Southern French Malbec,,73 Reviews,$17.99 per bottle,12 bottles - $215.88,,,
Cabalié Origine 2023 ,France,Red blend,The Ultimate Cabalié,,24 Reviews,$28.99 per bottle,12 bottles - $347.88,,,
Edenvale Sparkling Cuvée NV ,Australia,Sémillon,"90-Point, No-Alcohol Bubbly",,5 Reviews,$19.99 per bottle,12 bottles - $239.88,,,
Terra di Nonno Vermentino 2023 ,Italy,Vermentino,Historic Sicilian Vermentino,,57 Reviews,$16.99 per bottle,12 bottles - $203.88,,,
Saracosa Vermentino 2023 ,Italy,Vermentino,Top-Estate Tuscan Vermentino,,142 Reviews,$22.99 per bottle,12 bottles - $275.88,,,
Grande Réserve de Gassac Blanc 2023 ,France,White blend,Iconic French Estate’s Grande Réserve,,291 Reviews,$21.99 per bottle,12 bottles - $263.88,,,
Stand-Out Champagne Six  ,,,50% Off Six Bottles of Fine Champagne,,,,6 bottles - $344.94,$344.94,$172.47,Save $172.47
Vale de Rosas Pinot Noir 2022 ,Portugal,Pinot Noir,Top-Estate Portuguese Pinot Noir,,15 Reviews,$16.99 per bottle,12 bottles - $203.88,,,
The American LGBTQ+ Pride Blend Red Wine 2020 ,United States,Cabernet-based blend,Vibrant Red With a Cause,,1 Review,$49.99 per bottle,12 bottles - $599.88,$599.88,$419.88,Save $180.00
La Chiamata Montepulciano Riserva 2018 ,Italy,Montepulciano,Montepulciano Riserva Rarity,,3 Reviews,$24.99 per bottle,12 bottles - $299.88,,,
Baronesa de Vilar LBV Port (50cl) 2019 ,Portugal,Touriga Nacional-based blend,Bold Late-Bottled Vintage Port,,1 Review,$29.99 per bottle,3 bottles - $89.97,$89.97,$59.97,Save $30.00
Julien Bouchard Chablis 2023 ,France,Chardonnay,Textbook Chablis,,,$34.99 per bottle,12 bottles - $419.88,,,
On The Line Chenin Blanc 2023 ,United States,Chenin Blanc,Cool and Collected Cali Chenin,,12 Reviews,$24.99 per bottle,12 bottles - $299.88,,,
RedHeads Harmonie Rox Chardonnay 2024 ,Australia,Chardonnay,Vibrant Australian Chardonnay,,9 Reviews,$24.99 per bottle,12 bottles - $299.88,,,
Violette de Mireval 2023 ,France,Négrette,Gold-Medal French Rosé,,9 Reviews,$17.99 per bottle,12 bottles - $215.88,,,
Les Chemins de l Abbaye 2021 ,France,Sauvignon Blanc,Premium Pouilly-Fumé,,14 Reviews,$33.99 per bottle,12 bottles - $407.88,$407.88,$325.88,Save $82.00
Belle Roche Cabernet Sauvignon 2023 ,France,Cabernet Sauvignon,Stylish French Cabernet,,421 Reviews,$19.99 per bottle,12 bottles - $239.88,,,
Château La Clarière 2022 ,France,Merlot-based blend,Multi-Gold 2022 Bordeaux,,22 Reviews,$39.99 per bottle,12 bottles - $479.88,,,
Champagne Nicolo et Paradis Brut Prestige NV ,France,Chardonnay-based blend,Limited-Edition Champagne Release,,,$69.99 per bottle,12 bottles - $839.88,,,
It's a Wonderful Life Red Blend 2021 ,United States,Red blend,Heartwarming California Red,,4 Reviews,$18.99 per bottle,12 bottles - $227.88,,,
Avera Touriga Nacional 2020 ,United States,Touriga Nacional,93-Point Rare California Touriga Nacional,,20 Reviews,$23.99 per bottle,12 bottles - $287.88,,,
TCM Summer Under the Stars 2021 ,United States,Chardonnay,Summer-in-a-Glass California Chardonnay,,6 Reviews,$19.99 per bottle,12 bottles - $239.88,,,
L'Estabel Grande Cuvée Comtesse 2023 ,France,Cinsault,Elegant Southern French Rosé,,10 Reviews,$29.99 per bottle,12 bottles - $359.88,,,
w/o Frappato 2024 ,Italy,Frappato,Gold-Medal Organically Grown Sicilian Red,,44 Reviews,$19.99 per bottle,12 bottles - $239.88,,,
Chemin du Belvedère Blanc 2020 ,France,Marsanne,Elegant Rival to White Hermitage,,1 Review,$28.99 per bottle,12 bottles - $347.88,,,
Château Le Vieux Duché 2020 ,France,Merlot-based blend,Gold-Medal Lalande-de-Pomerol,,13 Reviews,$40.99 per bottle,12 bottles - $491.88,,,
KAPA Cabernet Sauvignon 2023 ,United States,Cabernet Sauvignon,Crowdpleasing California Cab,,35 Reviews,$21.99 per bottle,12 bottles - $263.88,,,
Selvarossa dei Confratelli Riserva 2021 ,Italy,Negroamaro-based blend,Insiders-Only Italian Riserva,,13 Reviews,$39.99 per bottle,12 bottles - $479.88,,,
Château La Clarière 2023 ,France,Merlot-based blend,91-Point Bordeaux,,23 Reviews,$39.99 per bottle,12 bottles - $479.88,,,
Tenuta Fenice Riserva 2022 ,Italy,Red blend,Old-Vine Sicilian Riserva,,,$26.99 per bottle,12 bottles - $323.88,,,
Flor de San Martín Garnacha Blanca 2023 ,Spain,Garnacha Blanca,Gold-Medal Spanish White Garnacha,,101 Reviews,$17.99 per bottle,12 bottles - $215.88,,,
Visionario 2024 ,Italy,White blend,Elegant Venetian White,,69 Reviews,$22.99 per bottle,12 bottles - $275.88,,,
Baronesa de Vilar Port Finish Reserva 2021 ,Portugal,Touriga Nacional-based blend,Sumptuous Reserva Aged in Port Barrels,,77 Reviews,$26.99 per bottle,12 bottles - $323.88,,,
Silver Puffs Sauvignon Blanc 2023 ,United States,Sauvignon Blanc,Tropical and Compelling California Sauvignon,,112 Reviews,$19.99 per bottle,12 bottles - $239.88,,,
Perfect Provence Rosé Wine 3-Bottle Gift Set  ,,,The Ultimate Gift for Rosé Lovers,,,,3 bottles - $79.97,$79.97,$59.99,Save $19.98
NPR Weekend Edition CA Red Blend 2024 ,United States,Red blend,Authoritative Red Blend,,1 Review,$20.99 per bottle,12 bottles - $251.88,,,
Il Picchio Verdicchio di Matelica 2023 ,Italy,Verdicchio,An Italian Classic,,,$22.99 per bottle,12 bottles - $275.88,,,
RedHeads Blue Belle Riesling 2024 ,Australia,Riesling,"Crisp, Dry Aussie Riesling",,,$28.99 per bottle,12 bottles - $347.88,,,
Bartolomeo Lorenzi Rosso Veronese 2022 ,Italy,Corvina-based blend,Acclaimed Valpolicella Red,,6 Reviews,$18.99 per bottle,12 bottles - $227.88,,,
Collezione di Paolo Chianti 2024 ,Italy,Sangiovese,Top Winemaker’s Signature Chianti,,616 Reviews,$19.99 per bottle,12 bottles - $239.88,,,
Nicolo & Paradis Champagne Trio  ,,,Fine Champagne—Three for Two Deal,,,,3 bottles - $149.97,$149.97,$99.97,Save $50.00
Lost Isle Cabernet Sauvignon Clarksburg 2024 ,United States,Cabernet Sauvignon,Esteemed California Cabernet,,,$22.99 per bottle,12 bottles - $275.88,$275.88,$191.88,Save $84.00
Green Darner Riesling 2023 ,United States,Riesling,Alluring Washington Riesling,,4 Reviews,$24.99 per bottle,12 bottles - $299.88,,,
El Mojón 2023 ,Spain,Tempranillo-based blend,"92-Point, Barrel-Aged Spanish Red",,2 Reviews,$24.99 per bottle,12 bottles - $299.88,,,
Villa Broglia Gavi di Gavi Anniversario 2022 ,Italy,Cortese,Top-Estate 90+ Point Release,,,$32.99 per bottle,12 bottles - $395.88,,,
Cossaro Monferrato Nebbiolo 2023 ,Italy,Nebbiolo,Top-Estate Piedmont Nebbiolo,,4 Reviews,$27.99 per bottle,12 bottles - $335.88,,,
Lobster Shack Sauvignon Blanc 2024 ,South Africa,Sauvignon Blanc,Thrilling Sauvignon Blanc,,26 Reviews,$15.99 per bottle,12 bottles - $191.88,,,
Villa Pani Brachetto (500ml) 2020 ,Italy,Brachetto,Italy’s Sweet Red Treasure,,4 Reviews,$18.99 per bottle,12 bottles - $227.88,,,
Subbia Antica Brunello di Montalcino 2015 ,Italy,Sangiovese,94-Point Brunello,,7 Reviews,$54.99 per bottle,12 bottles - $659.88,$659.88,$560.88,Save $99.00
Cabalié Blanc 2023 ,France,Viognier-based blend,Acclaimed Southern French White,,103 Reviews,$17.99 per bottle,12 bottles - $215.88,,,
Altos de la Guardia Crianza Rioja 2021 ,Spain,Tempranillo,"91-Point, Gold-Medal Rioja",,241 Reviews,$25.99 per bottle,12 bottles - $311.88,,,
Collezione di Paolo Poggerissi 2024 ,Italy,Sangiovese,Elegant Tuscan Sangiovese,,46 Reviews,$15.99 per bottle,12 bottles - $191.88,,,
The Magpie Oakville Cabernet Sauvignon 2023 ,United States,Cabernet Sauvignon,Top-Secret Napa Cabernet Sauvignon,,,$89.99 per bottle,12 bottles - $1079.88,,,
Robert Ledoux Bourgogne Aligoté 2022 ,France,Aligoté,Lively Aligoté,,,$24.99 per bottle,12 bottles - $299.88,,,
Château Vieil Orme 2020 ,France,Cabernet-based blend,Classic Mature Bordeaux,,1 Review,$24.99 per bottle,12 bottles - $299.88,,,
Drawbridge Reserve Cabernet Sauvignon 2023 ,United States,Cabernet Sauvignon,Oak-Aged California Cabernet,,6 Reviews,$24.99 per bottle,12 bottles - $299.88,,,
Amandla Shiraz Zinfandel 2023 ,South Africa,Shiraz-based blend,Powerful South African Shiraz-Zin,,11 Reviews,$19.99 per bottle,12 bottles - $239.88,,,
Wings Cabernet Franc 2020 ,United States,Cabernet Franc,Historic California Cabernet Franc,,4 Reviews,$21.99 per bottle,12 bottles - $263.88,,,
La Cueva Cabernet Sauvignon 2024 ,Spain,Cabernet Sauvignon,Spanish Cabernet,,7 Reviews,$16.99 per bottle,12 bottles - $203.88,,,
Domaine B&B Bouché Crémant de Limoux Rosé NV ,France,Chardonnay-based blend,Boutique French Sparkling Rosé,,32 Reviews,$27.99 per bottle,12 bottles - $335.88,,,
Portinho do Côvo 2023 ,Portugal,Red blend,Star Winemaker’s Portuguese Red,,138 Reviews,$16.99 per bottle,12 bottles - $203.88,,,
Schroeder Estate Cabernet Sauvignon 2023 ,Argentina,Cabernet Sauvignon,Extrermely Good Cab from the Extreme South,,396 Reviews,$21.99 per bottle,12 bottles - $263.88,,,
Toast Worthy Tuscan Reds & Whites  ,,,A Toast to Tuscany—Save Over $80,,,,12 bottles - $286.88,$286.88,$199.88,Save $87.00
Château Le Coin Bordeaux 2023 ,France,Merlot-based blend,Classic Dark-Fruited Bordeaux,,6 Reviews,$22.99 per bottle,12 bottles - $275.88,,,
HJ Fabre Assemblage Cabernet Franc Cabernet Sauvignon Malbec 2023 ,Argentina,Cabernet Franc-based blend,Unique Argentine Red Blend,,3 Reviews,$23.99 per bottle,12 bottles - $287.88,,,
Il Sorriso 2024 ,Italy,Lucido,Authentic Sicilian White,,7 Reviews,$17.99 per bottle,12 bottles - $215.88,,,
Touché William Knuttel Cabernet Sauvignon Reserve 2021 ,United States,Cabernet Sauvignon,"Luxe, Gold-Medal Napa Cabernet Reserve",,4 Reviews,$59.99 per bottle,12 bottles - $719.88,,,
Paterson Point Chardonnay 2020 ,United States,Chardonnay,95-Point Sonoma Chardonnay,,7 Reviews,$29.99 per bottle,12 bottles - $359.88,,,
Villa Blue Albariño 2024 ,South Africa,Albariño,Top-Estate Albariño,,9 Reviews,$21.99 per bottle,12 bottles - $263.88,,,
A Christmas Carol Lodi Red Blend 2021 ,United States,Red blend,Holly Jolly Lodi Red,,6 Reviews,$18.99 per bottle,12 bottles - $227.88,,,
Beach Pass Paso Robles Rosé 2020 ,United States,Rosé blend,Acclaimed California Rosé,,11 Reviews,$16.99 per bottle,12 bottles - $203.88,,,
Vinha do Fava Reserva 2023 ,Portugal,Castelão-based blend,Top-Estate Portuguese Reserva,,34 Reviews,$24.99 per bottle,12 bottles - $299.88,$299.88,$227.88,Save $72.00
GFF Chardonnay 2023 ,United States,Chardonnay,Elegant California Chardonnay,,75 Reviews,$18.99 per bottle,12 bottles - $227.88,,,
Château Le Coin Sauvignon Gris 2024 ,France,Sauvignon Gris,Elegant White Bordeaux,,146 Reviews,$22.99 per bottle,12 bottles - $275.88,$275.88,$191.88,Save $84.00
Jean-Pierre Moueix Bordeaux 2020 ,France,Merlot,Big-Name 2020 Bordeaux,,135 Reviews,$29.99 per bottle,12 bottles - $359.88,,,
L'Epiphanie de Sauternes Trio  ,,,Top-Secret Sauternes—Save $20 on Three,,,,3 bottles - $119.97,$119.97,$99.97,Save $20.00
Domaine de Longuet Merlot 2024 ,France,Merlot,Juicy Southern French Merlot,,,$19.99 per bottle,12 bottles - $239.88,,,
La Scelta Sangiovese Bianco 2023 ,Italy,Sangiovese,Rare White Sangiovese,,,$19.99 per bottle,12 bottles - $239.88,,,
Buil y Giné Priorat 2021 ,Spain,Garnacha-based blend,Top-Secret Priorat Tempranillo,,,$44.99 per bottle,12 bottles - $539.88,,,
M. Dutron Pouilly-Fuissé Vieilles Vignes 2023 ,France,Chardonnay,Fine White Burgundy,,,$49.99 per bottle,12 bottles - $599.88,,,
Hollywood Legends Cabernet Sauvignon 2021 ,United States,Cabernet Sauvignon,Bombshell California Cabernet,,3 Reviews,$19.99 per bottle,12 bottles - $239.88,,,
Champagne Nicolo & Paradis Brut NV ,France,Pinot Noir-based blend,Boutique Champagne Discovery,,,$49.99 per bottle,12 bottles - $599.88,,,
Schroeder Estate El Patrimonio 2021 ,Argentina,Cabernet-based blend,Ultra-Rare Patagonia Cabernet,,5 Reviews,$34.99 per bottle,12 bottles - $419.88,,,
Edouard Leiber Cuvée Prestige 2024 ,France,White blend,Family Estate’s Alsatian Cuvée,,3 Reviews,$23.99 per bottle,12 bottles - $287.88,,,
Berry and Spice Zinfandel 2020 ,United States,Zinfandel,Bold Paso Robles Zinfandel,,7 Reviews,$21.99 per bottle,12 bottles - $263.88,,,
Sartirano Figli Langhe Piemonte Nas-cetta 2023 ,Italy,Nas-cetta,Rare Piedmont White,,,$32.99 per bottle,12 bottles - $395.88,,,
Domaine de Longuet Viognier 2023 ,France,Viognier,Beautiful French Viognier,,4 Reviews,$19.99 per bottle,12 bottles - $239.88,,,
Schroeder Estate Blanco 2021 ,Argentina,White blend,Top-Estate Argentine White,,29 Reviews,$24.99 per bottle,12 bottles - $299.88,,,
RedHeads 1888 Cabernet Sauvignon 2022 ,Australia,Cabernet Sauvignon,Impressive Barossa Valley Cabernet,,21 Reviews,$39.99 per bottle,12 bottles - $479.88,,,
Château La Clarière Blanc 2022 ,France,Sauvignon-based blend,Classy White Bordeaux,,11 Reviews,$34.99 per bottle,12 bottles - $419.88,,,
Manga del Brujo 2021 ,Spain,Garnacha-based blend,94-Point Châteauneuf Rival,,210 Reviews,$26.99 per bottle,12 bottles - $323.88,,,
RedHeads Whip-Hand 2021 ,Australia,Cabernet Sauvignon,Impressive Barossa Cab,,,$49.99 per bottle,12 bottles - $599.88,,,
Altos de la Guardia Reserva Rioja 2019 ,Spain,Tempranillo,Refined Rioja Reserva,,128 Reviews,$32.99 per bottle,12 bottles - $395.88,,,
Crimson Farms Arabica Noir Trio  ,,,Coffee-Infused Dessert Wine—$15 Off Three Bottles,,,,3 bottles - $89.97,$89.97,$74.97,Save $15.00
"Fine Amarone in ""Happy Birthday"" Wood Box 2020 ",Italy,Red blend,Say “Happy Birthday” with an Iconic Amarone,,,$74.99 per bottle,12 bottles - $899.88,,,
NPR Wild Card Tannat 2024 ,United States,Tannat,Compelling California Tannat,,,$21.99 per bottle,12 bottles - $263.88,,,
¡H! Barcelona Hola Alcohol Free Sparkling NV ,Spain,Macabeo,Alcohol-Free Spanish Fizz,,,$21.99 per bottle,12 bottles - $263.88,,,
NPR Life Kit Pinot Grigio 2022 ,United States,Pinot Grigio,Rule-Breaking Pinot Grigio,,1 Review,$24.99 per bottle,12 bottles - $299.88,,,
NPR All Things Considered Cabernet Sauvignon 2022 ,United States,Cabernet-based blend,"Smooth, Washington State Cabernet",,2 Reviews,$22.99 per bottle,12 bottles - $275.88,,,
NPR Short Wave Chardonnay 2022 ,United States,Chardonnay,Unoaked California Chardonnay,,,$22.99 per bottle,12 bottles - $275.88,,,
Lost Isle Chardonnay 2023 ,United States,Chardonnay,Acclaimed California Chardonnay,,1 Review,$22.99 per bottle,12 bottles - $275.88,,,
Il Poeta Barbaresco Gaia Principe 2020 ,Italy,Nebbiolo,92-Point Cru Barbaresco,,,$44.99 per bottle,12 bottles - $539.88,,,
Paul Sorvino Cabernet Sauvignon 2021 ,United States,Cabernet Sauvignon,Big-Name California Cabernet,,5 Reviews,$24.99 per bottle,12 bottles - $299.88,,,
Rifronzoli Rosso di Toscana IGT 2021 ,Italy,Sangiovese-based blend,Ultra-Rare Super Tuscan Masterpiece,,9 Reviews,$39.99 per bottle,12 bottles - $479.88,,,
Forrest Gump Pinot Gris 2022 ,United States,Pinot Gris,Vibrant Washington Pinot Gris,,4 Reviews,$19.99 per bottle,12 bottles - $239.88,,,
Val de Cabrera 2023 ,Spain,Garnacha-based blend,Value-Driven Spanish Red,,7 Reviews,$19.99 per bottle,12 bottles - $239.88,,,
Rookery Red Zinfandel 2024 ,United States,Zinfandel,Smooth California Zinfandel,,11 Reviews,$17.99 per bottle,12 bottles - $215.88,,,
Momtazi Family Estate Pinot Noir 2018 ,United States,Pinot Noir,Oregon’s Most Singular Pinot Noir,,,$59.99 per bottle,12 bottles - $719.88,,,
La Cuadrilla de Sobreño 2022 ,Spain,Tinta de Toro,Tantalizing Spanish Red,,21 Reviews,$19.99 per bottle,12 bottles - $239.88,,,
Selva del Moro Chianti Classico Riserva 2019 ,Italy,Sangiovese-based blend,Luxe Chianti Classico Riserva,,7 Reviews,$35.99 per bottle,12 bottles - $431.88,,,
Domaine de Longuet Viognier 2024 ,France,Viognier,Beautiful French Viognier,,4 Reviews,$19.99 per bottle,12 bottles - $239.88,,,
Black Saint Peter Old Vine Zinfandel (half bottle) 2020 ,United States,Zinfandel,Award-Winning Lodi Zinfandel,,608 Reviews,$12.99 per bottle,12 bottles - $155.88,,,
Armagia Etna Rosso 2019 ,Italy,Nerello Mascalese-based blend,Barrel-Aged Sicilian Specialty,,8 Reviews,$39.99 per bottle,12 bottles - $479.88,,,
Il Poeta Barolo del Comune di Barolo 2019 ,Italy,Nebbiolo,Exquisite Barolo “Cru”,,,$54.99 per bottle,12 bottles - $659.88,,,
Shroud Mountain Cabernet Sauvignon Magnum 2021 ,United States,Cabernet Sauvignon,Best-Selling California Cab—in MAGNUM,,511 Reviews,$49.99 per bottle,12 bottles - $599.88,,,
Capital Z Zinfandel 2024 ,United States,Zinfandel,Intense Lodi Zinfandel,,222 Reviews,$16.99 per bottle,12 bottles - $203.88,,,
Château de Colombe Castillon Côtes de Bordeaux 2022 ,France,Merlot-based blend,Gold-Medal Saint-Émilion Rival,,199 Reviews,$28.99 per bottle,12 bottles - $347.88,,,
Cuvée du Vatican Réserve de l'Abbé Blanc 2024 ,France,White blend,Expressive Rhône White,,,$19.99 per bottle,12 bottles - $239.88,,,
Luciani Brunello di Montalcino 2019 ,Italy,Sangiovese,Boutique Estate's Fine Brunello,,17 Reviews,$64.99 per bottle,12 bottles - $779.88,,,
Château Sixtine Châteauneuf-du-Pape 2023 ,France,Grenache-based blend,Opulent Châteauneuf Icon,,8 Reviews,$69.99 per bottle,12 bottles - $839.88,,,
Seven5Zero Kosher Cabernet Sauvignon 2021 ,Israel,Cabernet Sauvignon,Leading Israeli Estate’s Cabernet Sauvignon,,23 Reviews,$29.99 per bottle,12 bottles - $359.88,$359.88,$287.88,Save $72.00
Sentiero dei Pini Pinot Grigio 2024 ,Italy,Pinot Grigio,Ultra-Fresh Italian Pinot Grigio,,248 Reviews,$18.99 per bottle,12 bottles - $227.88,,,
Château Smith Haut Lafitte Pessac Léognan Grand Cru Classé Rouge 2018 ,France,Cabernet-based blend,99-Point Pessac-Léognan Grand Cru Classé,,,$169.99 per bottle,12 bottles - $2039.88,,,
Il Pino Pinot Grigio 2024 ,Italy,Pinot Grigio,Refreshing Italian Pinot Grigio,,297 Reviews,$17.99 per bottle,12 bottles - $215.88,,,
Domaine Daniel Reverdy Sancerre 2023 ,France,Sauvignon Blanc,Boutique Sancerre,,33 Reviews,$39.99 per bottle,12 bottles - $479.88,,,
Schroeder Estate Cabernet Sauvignon 2024 ,Argentina,Cabernet Sauvignon,Extremely Good Cab from the Extreme South,,395 Reviews,,12 bottles - $299.88,$299.88,$227.88,Save $72.00
Tenuta Albrizzi Cabernet Sauvignon Primitivo 2023 ,Italy,Red blend,Sumptuous ‘Super Puglian’,,291 Reviews,$17.99 per bottle,12 bottles - $215.88,,,
"Inside Track Chardonnay 2024, Margaret River Trio  ",,,Exquisite Australian Chardonnay—Save 50%,,,,3 bottles - $209.97,$209.97,$104.97,Save $105.00
Beautiful Rose Prosecco Gift Trio  ,,,The Perfect Present for Prosecco Fans,,,,3 bottles - $70.97,$70.97,$59.99,Save $10.98
"Napa Cab Reserve in 'Congratulations"" Wood Box NV ",United States,Cabernet Sauvignon,This Napa Cab Calls for a Celebration,,,$74.99 per bottle,12 bottles - $899.88,,,
Domare Barbera 2023 ,Italy,Barbera,Silky Piedmont Red,,2 Reviews,$21.99 per bottle,12 bottles - $263.88,,,
Père Guillot Sablet 2022 ,France,Grenache-based blend,The Rhône’s Hidden Gem,,,$26.99 per bottle,12 bottles - $323.88,,,
Palumbo Falanghina 2023 ,Italy,Falanghina,Delightful New Falanghina,,,$15.99 per bottle,12 bottles - $191.88,,,
Bloom & Bounty Chardonnay 2023 ,United States,Chardonnay,Rich California Chardonnay,,4 Reviews,$19.99 per bottle,12 bottles - $239.88,,,
Lobo e Falcão Branco 2022 ,Portugal,Fernão Pires-based blend,"Acclaimed, Top-Estate Portuguese White",,9 Reviews,$16.99 per bottle,12 bottles - $203.88,,,
East West Red Wine 2023 ,United States,Red blend,Acclaimed California Red,,17 Reviews,$17.99 per bottle,12 bottles - $215.88,,,
Les Pépites 2024 ,France,Malbec-based blend,Venerated French Malbec Blend,,9 Reviews,$22.99 per bottle,12 bottles - $275.88,,,
Bottle Poem Pinot Noir 2024 ,United States,Pinot Noir,Silky California Pinot Noir,,63 Reviews,$21.99 per bottle,12 bottles - $263.88,,,
Lustrato Prosecco  ,Italy,Glera,Celebration-Worthy Prosecco,,1 Review,$18.99 per bottle,12 bottles - $227.88,,,
Airplane Chardonnay 2020 ,United States,Chardonnay,High-Flying California Chardonnay,,5 Reviews,$17.99 per bottle,12 bottles - $215.88,,,
Hacienda del Arte Reserva Ribera del Duero 2016 ,Spain,Tempranillo,Rare Ribera Reserva,,,$32.99 per bottle,12 bottles - $395.88,,,
Guyendac 2023 ,France,Sauvignon Blanc,White Bergerac that Overdelivers,,44 Reviews,$19.99 per bottle,12 bottles - $239.88,,,
Cooper Point Merlot 2023 ,United States,Merlot,Plush California Merlot,,37 Reviews,$18.99 per bottle,12 bottles - $227.88,,,
Vigné-Lourac Gaillac Les Perlés 2023 ,France,White blend,Luxurious French White,,29 Reviews,$21.99 per bottle,12 bottles - $263.88,,,
RedHeads Night Of The Living Red 2022 ,Australia,Durif-based blend,"Handcrafted, Top-Estate Australian Red",,7 Reviews,$39.99 per bottle,12 bottles - $479.88,,,
Asado Malbec 2024 ,Argentina,Malbec,BBQ-Ready Argentine Malbec,,137 Reviews,$19.99 per bottle,12 bottles - $239.88,,,
Leonardo Palumbo Thank You Deal  ,,,Rich Reds from an Italian Legend—Over 20% Off,,,,6 bottles - $107.94,$107.94,$83.94,Save $24.00
Cuvée Prestige Trio  ,,,Fine White from an Alsace Icon—25% Off,,,,3 bottles - $71.97,$71.97,$53.97,Save $18.00
Le Vieux Château Guibeau 2022 ,France,Merlot-based blend,Boutique Saint-Émilion,,,$34.99 per bottle,12 bottles - $419.88,,,
Domaine Bouché Cuvée Le Calme 2020 ,France,Chardonnay-based blend,Top Sparkling Cuvée from a Storied Producer,,,$34.99 per bottle,12 bottles - $419.88,,,
Shroud Mountain Cabernet Sauvignon Reserve 2022 ,United States,Cabernet Sauvignon,Barrel-Aged Paso Robles Cab,,2 Reviews,$26.99 per bottle,12 bottles - $323.88,,,
Jets Uncorked Legacy Cabernet Sauvignon 2022 ,United States,Cabernet Sauvignon,Exclusive Cabernet for Jets Fans,,2 Reviews,$39.99 per bottle,12 bottles - $479.88,$479.88,$299.88,Save $180.00
Hitch Merlot 2020 ,United States,Merlot,Thrilling Washington Merlot,,2 Reviews,$22.99 per bottle,12 bottles - $275.88,,,
L'Estabel Grande Cuvée Comtesse 2024 ,France,Cinsault,Elegant Southern French Rosé,,10 Reviews,$29.99 per bottle,12 bottles - $359.88,,,
Tbilvino Qvevris Saperavi 2021 ,Georgia,Saperavi,Ultra-Rare Georgian Red,,2 Reviews,$34.99 per bottle,12 bottles - $419.88,,,
Hayrick Sauvignon Blanc 2024 ,United States,Sauvignon Blanc,Fresh California Sauvignon Blanc,,12 Reviews,$17.99 per bottle,12 bottles - $215.88,,,
The Creamery Dunnigan Hills Chardonnay 2019 ,United States,Chardonnay,"Award-Winning, Opulent California Chardonnay",,8 Reviews,$22.99 per bottle,12 bottles - $275.88,,,
The Archduke Old Vine Zinfandel 2019 ,United States,Zinfandel,Esteemed Sonoma Zinfandel,,18 Reviews,$28.99 per bottle,12 bottles - $347.88,,,
Vilarissa Valley 2023 ,Portugal,Red blend,Top-Estate Portuguese Red,,61 Reviews,$24.99 per bottle,12 bottles - $299.88,,,
Rushrose GSM 2023 ,United States,Red blend,94-Point California GSM,,35 Reviews,$32.99 per bottle,12 bottles - $395.88,$395.88,$287.88,Save $108.00
Domaine du Mas Ensoleillé Rosé 2024 ,France,Grenache-based blend,Esteemed Provence Rosé,,48 Reviews,$19.99 per bottle,12 bottles - $239.88,,,
Scarànto 2020 ,Italy,Sangiovese-based blend,100-Point Super Tuscan,,79 Reviews,$34.99 per bottle,12 bottles - $419.88,,,
Benedictus de Vatican 2023 ,France,Red blend,Châteauneuf Star’s Special-Edition Red,,230 Reviews,$22.99 per bottle,12 bottles - $275.88,,,
L'Epiphanie de Margaux 2020 ,France,Cabernet Sauvignon,Multi-Gold Margaux,,1 Review,$69.99 per bottle,12 bottles - $839.88,,,
Moulin de Pontfract Rosé 2024 ,France,Grenache-based blend,Modern Rosé from 300-Year-Old Estate,,40 Reviews,$21.99 per bottle,12 bottles - $263.88,,,
Republique Cabernet Sauvignon 2023 ,United States,Cabernet Sauvignon,Velvety Paso Robles Cabernet,,312 Reviews,$29.99 per bottle,12 bottles - $359.88,,,
Le Secret des Etoiles Pinot Noir 2024 ,France,Pinot Noir,Barrel-Aged Pinot Noir,,35 Reviews,$29.99 per bottle,12 bottles - $359.88,,,
Duca di Cardino Vino Nobile di Montepulciano 2019 ,Italy,Sangiovese,Rich Tuscan Red,,69 Reviews,$28.99 per bottle,12 bottles - $347.88,,,
Schroeder Estate Collection  ,,,Pure Patagonia Reds—Now 30% Off,,,,12 bottles - $281.88,$281.88,$191.88,Save $90.00
Barana Amarone Trio in Wood Box 2020 ,Italy,Red blend,Give the Gift of Opulent Amarone,,,,3 bottles - $194.99,,,
Noema Rapsani Reserve 2017 ,Greece,Red blend,Rare Greek Reserve,,,$39.99 per bottle,12 bottles - $479.88,,,
Maison Maillet Bandol Provence Rosé 2024 ,France,Grenache-based blend,Elegant Provençal Rosé,,,$34.99 per bottle,12 bottles - $419.88,,,
NPR Tiny Desk Sauvignon Blanc Columbia Valley 2023 ,United States,Sauvignon Blanc,Symphonic Sauvignon Blanc,,1 Review,$22.99 per bottle,12 bottles - $275.88,,,
¡H! Barcelona Hola Cava Brut Rosé 2021 ,Spain,Macabeo-based blend,Top-Quality Spanish Sparkler,,,$24.99 per bottle,12 bottles - $299.88,,,
Canet Rôtie 2023 ,France,Syrah-based blend,Côte Rôtie-Inspired Red,,3 Reviews,$34.99 per bottle,12 bottles - $419.88,,,
L’Estabel Grande Cuvée Comtesse Blanc 2023 ,France,White blend,Rare White from an Acclaimed Co-op,,1 Review,$29.99 per bottle,12 bottles - $359.88,,,
Rated PG Pinot Grigio 2023 ,United States,Pinot Grigio,Unique California Discovery,,2 Reviews,$16.99 per bottle,12 bottles - $203.88,,,
Le Presbytère de la Clarière 2020 ,France,Cabernet Sauvignon,Single-Row Bordeaux Rarity,,3 Reviews,$79.99 per bottle,12 bottles - $959.88,,,
Drawbridge Reserve Cabernet Sauvignon 2024 ,United States,Cabernet Sauvignon,Oak-Aged California Cabernet,,6 Reviews,$24.99 per bottle,12 bottles - $299.88,,,
NPR Consider This Sauvignon Blanc 2022 ,United States,Sauvignon Blanc,Mouthwatering California Sauvignon Blanc,,2 Reviews,$22.99 per bottle,12 bottles - $275.88,,,
Altestelle Spumante NV ,Italy,Negroamaro,Atlernative Italian Sparkles,,8 Reviews,$19.99 per bottle,12 bottles - $239.88,,,
Black Saint Peter Zinfandel Reserve 2023 ,United States,Zinfandel,Old-Vine Zinfandel Reserve,,15 Reviews,$25.99 per bottle,12 bottles - $311.88,,,
Boulé Brut Sparkling Wine 2022 ,United States,Chardonnay,93-Point Washington Bubbly,,6 Reviews,$29.99 per bottle,12 bottles - $359.88,$359.88,$286.88,Save $73.00
La Chiamata Montepulciano d'Abruzzo Magnum 2019 ,Italy,Montepulciano,90-Point Italian Montepulciano,,115 Reviews,$32.99 per bottle,12 bottles - $395.88,,,
Stones & Bones Reserva Magnum 2020 ,Portugal,Red blend,Fine Portuguese Reserva Magnum,,57 Reviews,$43.99 per bottle,12 bottles - $527.88,,,
Cossaro 2021 ,Italy,Nebbiolo,Top-Estate Piedmont Nebbiolo,,4 Reviews,$27.99 per bottle,12 bottles - $335.88,,,
La Cueva Cabernet Sauvignon 2023 ,Spain,Cabernet Sauvignon,Rare Spanish Cabernet,,7 Reviews,$16.99 per bottle,12 bottles - $203.88,,,
NPR Wait Wait Don’t Tell Me Zinfandel 2019 ,United States,Zinfandel,Newsworthy Lodi Zinfandel,,15 Reviews,$19.99 per bottle,12 bottles - $239.88,,,
Pillastro Primitivo Puglia (Magnum) 2022 ,Italy,Primitivo,94-Point Italian Bestseller,,1890 Reviews,$32.99 per bottle,12 bottles - $395.88,,,
14-27 Xinomavro 2019 ,Greece,Xinomavro,Award-Winning Greek Red,,14 Reviews,$23.99 per bottle,12 bottles - $287.88,,,
Petticoat Moscato 2021 ,United States,Moscatel,Award-Winning California Moscato,,13 Reviews,$17.99 per bottle,12 bottles - $215.88,$215.88,$159.88,Save $56.00
Passionada Alvarinho 2021 ,Portugal,Alvarinho,Gold-Medal Portuguese Alvarinho,,4 Reviews,$19.99 per bottle,12 bottles - $239.88,,,
Lobster Shack Sauvignon Blanc 2025 ,South Africa,Sauvignon Blanc,Thrilling Sauvignon Blanc,,26 Reviews,$16.99 per bottle,12 bottles - $203.88,,,
ROC Cuvée 2022 ,France,Merlot,Unique Single-Vineyard Bordeaux,,6 Reviews,$21.99 per bottle,12 bottles - $263.88,,,
Saracosa Governo Magnum 2020 ,Italy,Red blend,98-Point Tuscan Rarity—in MAGNUM,,763 Reviews,$41.99 per bottle,12 bottles - $503.88,,,
Julien Revillon Fleurie 2021 ,France,Gamay,Top-Estate Cru Beaujolais,,4 Reviews,$29.99 per bottle,12 bottles - $359.88,,,
Château de Colombe Castillon Côtes de Bordeaux 2023 ,France,Merlot-based blend,A Serious Saint-Émilion Rival,,199 Reviews,$29.99 per bottle,12 bottles - $359.88,,,
Benedictus de Vatican 2024 ,France,Red blend,Châteauneuf Star’s Special-Edition Red,,229 Reviews,$22.99 per bottle,12 bottles - $275.88,,,
Stellenrust Heritage Collection Chenin Blanc 2025 ,South Africa,Chenin Blanc,Top-Estate Chenin Blanc,,378 Reviews,$22.99 per bottle,12 bottles - $275.88,,,
Sentiero dei Pini Pinot Grigio 2023 ,Italy,Pinot Grigio,Ultra-Fresh Italian Pinot Grigio,,250 Reviews,$18.99 per bottle,12 bottles - $227.88,,,
Camino de Seda 2023 ,Spain,Monastrell-based blend,Multi-Gold-Medal Spanish Red,,353 Reviews,$16.99 per bottle,12 bottles - $203.88,,,
Wyfold Vineyard Brut 2017 ,United Kingdom,Chardonnay-based blend,Award-Winning English Bubbly,,2 Reviews,$59.99 per bottle,12 bottles - $719.88,,,
Julien Bouchard Burgundy Collection  ,,,Exceptional Burgundy in White & Red,,,,6 bottles - $349.94,$349.94,$299.94,Save $50.00
Members' Loire Valley Whites  ,,,Legends of the Loire,,,,6 bottles - $180.94,$180.94,$166.94,
Gourdon Family Thank You Deal  ,,,Fresh from France—Over 25% Off,,,,6 bottles - $125.94,$125.94,$89.94,Save $36.00
Norrel Robertson Thank You Deal  ,,,High-Flying Spanish Reds—25% Off,,,,6 bottles - $127.94,$127.94,$95.94,Save $32.00
Château Sixtine Châteauneuf-du-Pape 2022 (6 btls)  ,,,Château Sixtine Vineyard Partnership (6 bottles),,,,6 bottles - $419.94,$419.94,$269.94,Save $150.00
Luciani Brunello di Montalcino 2019  ,,,Luciani Brunello Vineyard Partnership (6 Bottles),,,,6 bottles - $389.94,$389.94,$269.94,Save $120.00
"Inside Track Cabernet Sauvignon 2022, Margaret River Trio  ",,,Top-Vintage Margaret River Cab—50% Off,,,,3 bottles - $149.97,$149.97,$74.97,Save $75.00
Altos de la Guardia Reserva Colección Privada 2009 ,Spain,Tempranillo,Classic Aged Rioja,,,$36.99 per bottle,12 bottles - $443.88,,,
Round the Blend Red Wine 2024 ,United States,Red blend,Luscious California Red,,,$19.99 per bottle,12 bottles - $239.88,,,
Kellerei Aichholz Pinot Bianco 2024 ,Italy,Pinot Bianco,Brisk Italian Pinot Blanc,,,$34.99 per bottle,12 bottles - $419.88,,,
Inside Track Limited Release Margaret River Cabernet Sauvignon 2022 ,Australia,Cabernet Sauvignon,Top-Secret Maraget River Cab,,,$49.99 per bottle,12 bottles - $599.88,,,
Château Guyon la Roseraie 2022 ,France,Merlot-based blend,Multi-Gold-Medal Bordeaux,,,$23.99 per bottle,12 bottles - $287.88,,,
La Part du Boucher NV ,France,Red blend,A Blend of Bordeaux's Best,,3 Reviews,$25.99 per bottle,12 bottles - $311.88,,,
Grand Vin de l'Epervier 2023 ,France,Syrah-based blend,Luxurious Languedoc Cuvée,,1 Review,$49.99 per bottle,12 bottles - $599.88,,,
Julien Bouchard Bourgogne Hautes-Côtes de Nuits Dames Huguettes 2022 ,France,Pinot Noir,Striking and Structured Burgundy,,,$44.99 per bottle,12 bottles - $539.88,,,
Inside Track Limited Release Central Otago Pinot Noir 2022 ,New Zealand,Pinot Noir,Top-Secret New Zealand Pinot Noir,,1 Review,$39.99 per bottle,12 bottles - $479.88,,,
Rated PG Pinot Grigio 2024 ,United States,Pinot Grigio,Unique California Discovery,,2 Reviews,$16.99 per bottle,12 bottles - $203.88,,,
¡Hola! Mediterráneo Orange Spritz NV ,Spain,Macabeo-based blend,Refreshing Spanish Spritz,,,$16.99 per bottle,12 bottles - $203.88,,,
Barana Amarone della Valpolicella 2020 ,Italy,Red blend,Boutique Amarone Discovery,,,$79.99 per bottle,12 bottles - $959.88,,,
Il Picchio Verdicchio di Matelica 2024 ,Italy,Verdicchio,Zippy Italian White,,,$22.99 per bottle,12 bottles - $275.88,,,
14/27 Assyrtiko 2024 ,Greece,Assyrtiko,Classic Greek Assyrtiko,,2 Reviews,$29.99 per bottle,12 bottles - $359.88,,,
Château Vieira 2014 ,France,Cabernet-based blend,Complex 11-Year-Old Bordeaux,,,$29.99 per bottle,12 bottles - $359.88,,,
The Vale McLaren Vale Shiraz 2021 ,Australia,Shiraz,"Luxe, Award-Winning Australian Shiraz",,4 Reviews,$21.99 per bottle,12 bottles - $263.88,,,
East West Red Wine 2024 ,United States,Red blend,Acclaimed California Red,,17 Reviews,$17.99 per bottle,12 bottles - $215.88,,,
Almost Famous Carignan 2021 ,United States,Carignan,Rockin’ Lodi Carignan,,5 Reviews,$22.99 per bottle,12 bottles - $275.88,,,
Theo-Patra's Cuvee Blanc 2021 ,United States,Chardonnay,Luxurious California Chardonnay,,1 Review,$29.99 per bottle,12 bottles - $359.88,,,
Villa Blue Albariño 2023 ,South Africa,Albariño,Top-Estate Albariño,,9 Reviews,$19.99 per bottle,12 bottles - $239.88,,,
Saturday Night Fever Cabernet Sauvignon 2020 ,United States,Cabernet Sauvignon,Groovy California Cabernet,,6 Reviews,$21.99 per bottle,12 bottles - $263.88,,,
Gold Top Chardonnay 2023 ,Australia,Chardonnay,Creamy Australian Chardonnay,,2 Reviews,$23.99 per bottle,12 bottles - $287.88,,,
Salt Shaker Central Coast Picpoul 2021 ,United States,Picpoul,Award-Winning California White,,4 Reviews,$24.99 per bottle,12 bottles - $299.88,,,
Left of Ordinary Tannat 2024 ,United States,Tannat,Best-in-Glass California Tannat,,17 Reviews,$22.99 per bottle,12 bottles - $275.88,,,
Inside Track Chardonnay Willamette Valley 2020 ,United States,Chardonnay,Gold-Medal Willamette Valley Chardonnay,,3 Reviews,$40.99 per bottle,12 bottles - $491.88,$491.88,$276.88,Save $215.00
Antonio Federici Collezione Oro 2021 ,Italy,Montepulciano-based blend,99-Point Roman Treasure,,8 Reviews,$32.99 per bottle,12 bottles - $395.88,,,
Field of Stones Marlborough Rosé 2023 ,New Zealand,Pinot Noir-based blend,Top-Estate New Zealand Rosé,,2 Reviews,$27.99 per bottle,12 bottles - $335.88,,,
Edizione Limitata Numerata 6 Barolo 2020 ,Italy,Nebbiolo,90-Point Barolo,,,$64.99 per bottle,12 bottles - $779.88,,,
Long Bay Sauvignon Blanc 2021 ,South Africa,Sauvignon Blanc,95-Point South African Sauvignon,,14 Reviews,$16.99 per bottle,12 bottles - $203.88,,,
ROC Clairet 2021 ,France,Merlot-based blend,Bordeaux's Original Rosé,,5 Reviews,$19.99 per bottle,12 bottles - $239.88,,,
Pignello Pignoletto NV ,Italy,Pignoletto,"90-Point, Double-Gold Italian Bubbly",,18 Reviews,$17.99 per bottle,12 bottles - $215.88,,,
La Porte des Princes Châteauneuf-du-Pape 2020 ,France,Grenache-based blend,Gold-Medal Châteauneuf-du-Pape,,4 Reviews,$39.99 per bottle,12 bottles - $479.88,,,
Charles Cros 2023 ,France,Red blend,Unique Southern French Red,,24 Reviews,$19.99 per bottle,12 bottles - $239.88,,,
Cabalié Origine 2024 ,France,Red blend,The Ultimate Cabalié,,24 Reviews,$28.99 per bottle,12 bottles - $347.88,,,
Otto Decenni 2021 ,Italy,Sangiovese-based blend,Superlative Super Tuscan,,37 Reviews,$59.99 per bottle,12 bottles - $719.88,,,
Inside Track Limited Release Chardonnay Los Carneros 2023 ,United States,Chardonnay,Top-Secret Los Carneros Chardonnay,,9 Reviews,$39.99 per bottle,12 bottles - $479.88,,,
GFF Zinfandel 2023 ,United States,Zinfandel,Sumptuous California Zinfandel,,83 Reviews,$18.99 per bottle,12 bottles - $227.88,,,
Château La Clarière 2021 ,France,Merlot-based blend,Top-Estate Bordeaux,,23 Reviews,$39.99 per bottle,12 bottles - $479.88,,,
Château La Clarière 2020 ,France,Merlot-based blend,Multi-Gold 2020 Bordeaux,,23 Reviews,$39.99 per bottle,12 bottles - $479.88,,,
Moulin du Prieur 2023 ,France,Merlot-based blend,Brilliant Boutique Bordeaux,,109 Reviews,$19.99 per bottle,12 bottles - $239.88,,,
William Knuttel North Coast Sauvignon Blanc 2021 ,United States,Sauvignon Blanc,Fine California Sauvignon Blanc,,38 Reviews,$24.99 per bottle,12 bottles - $299.88,,,
La Révélation 2022 ,France,Roussanne,Gorgeous French Rousanne,,56 Reviews,$24.99 per bottle,12 bottles - $299.88,,,
Roche Bellemont Coteaux d'Aix-en-Provence Rosé 2023 ,France,Grenache-based blend,Star Winemaker’s Provence Rosé,,15 Reviews,$28.99 per bottle,12 bottles - $347.88,,,
Bartolomeo Lorenzi Rosso Veronese 2021 ,Italy,Corvina-based blend,Authentic Northern Italian Red,,6 Reviews,$18.99 per bottle,12 bottles - $227.88,,,
Duca di Cardino Rosso di Montepulciano 2020 ,Italy,Red blend,Rich Tuscan Red,,103 Reviews,$29.99 per bottle,12 bottles - $359.88,,,
Republique Cabernet Sauvignon 2024 ,United States,Cabernet Sauvignon,Velvety Paso Robles Cabernet,,312 Reviews,$32.99 per bottle,12 bottles - $395.88,,,
L'Art Provençal Rosé 2024 ,France,Grenache-based blend,Artful Provence Rosé,,67 Reviews,$22.99 per bottle,12 bottles - $275.88,,,
Bellemore Family Selection Pinotage Stellenbosch 2020 ,South Africa,Pinotage,Commemorative Pinotage,,,$34.99 per bottle,12 bottles - $419.88,,,
Pagos de Tahola Gran Reserva Rioja 2014 ,Spain,Tempranillo,Top-Estate Gran Reserva,,109 Reviews,$37.99 per bottle,12 bottles - $455.88,,,
Wyfold Vineyard Brut 2016 ,United Kingdom,Chardonnay-based blend,93-Point English Brut of the Year,,2 Reviews,$59.99 per bottle,12 bottles - $719.88,,,
The Gooseberry Bush 2025 ,South Africa,Colombard,South African Thirst Quencher,,215 Reviews,$15.99 per bottle,12 bottles - $191.88,,,
Esulé by RedHeads 2021 ,Australia,Cabernet-based blend,Ultra-Rare Australian Red Blend,,3 Reviews,$59.99 per bottle,12 bottles - $719.88,,,
Cuvée du Vatican Réserve de l'Abbé Châteauneuf-du-Pape 2023 ,France,Grenache-based blend,Top-Estate Châteauneuf Exclusive,,,$49.99 per bottle,12 bottles - $599.88,,,
PS Pétillant Rosé  ,France,Rosé blend,Joyful Southern French Sparkler,,86 Reviews,$18.99 per bottle,12 bottles - $227.88,,,
1888 Barossa Cabernet Sauvignon 2023 (6 bottles)  ,,,RedHeads 1888 Cabernet Vineyard Partnership (6 btls),,,,6 bottles - $239.94,$239.94,$161.94,Save $78.00
Momtazi Family Estate Pinot Noir 2017 (6 bottles) 2017 ,,,Momtazi Pinot Noir Vineyard Partnership (6 bottles),,,,6 bottles - $359.94,$359.94,$239.94,Save $120.00
Luciani Brunello di Montalcino 2018  ,,,Luciani Brunello Vineyard Partnership (6 bottles),,,,6 bottles - $389.94,$389.94,$269.94,Save $120.00
Gourdon Family Thank You Deal  ,,,,,,,12 bottles - $251.88,$251.88,$179.88,Save $72.00
Château Sixtine Châteauneuf-du-Pape 2022 (12 btls)  ,,,Château Sixtine Vineyard Partnership (12 bottles),,,,12 bottles - $839.88,$839.88,$515.88,Save $324.00
Momtazi Family Estate Pinot Noir 2017 (12 bottles) 2017 ,,,Momtazi Pinot Noir Vineyard Partnership (12 bottles),,,,12 bottles - $719.88,$719.88,$479.88,Save $240.00
Brigitte Delmotte Champagne Trio  ,,,Save $65 on Gold-Medal Champagne,,,,3 bottles - $194.97,$194.97,$129.97,Save $65.00
Luxury Napa Red Wine Gift Set + Decanter & Glasses  ,,,The Ultimate Gift for Napa Fans,,,,3 bottles - $139.97,$139.97,$119.99,
Windsor Great Park Sparkling 2016 Trio Gift in Wood Box 2016 ,United Kingdom,Chardonnay-based blend,Rare British Bubbly,,,,3 bottles - $199.99,,,
Hacienda de Lluna Merlot 2024 ,Spain,Merlot,Easy-Drinking Spanish Merlot,,,$15.99 per bottle,12 bottles - $191.88,,,
NPR Planet Money Red Blend Paso Robles 2022 ,United States,Red blend,A Red That Means Business,,,$23.99 per bottle,12 bottles - $287.88,,,
Julien Bouchard Chablis 1er Cru Vaillons 2023 ,France,Chardonnay,Sublime Premier Cru Chablis,,,$49.99 per bottle,12 bottles - $599.88,,,
Chilled Cinsault 2023 ,South Africa,Cinsault,South Africa’s Coolest Red,,6 Reviews,$18.99 per bottle,12 bottles - $227.88,,,
Cabalié Blanc 2024 ,France,Viognier-based blend,Moreish Southern French White,,28 Reviews,$17.99 per bottle,12 bottles - $215.88,,,
Ribolla Gialla Spumante Cuvée Biele Zôe 2024 ,Italy,Ribolla Gialla,Refreshing Italian Sparkler,,,$23.99 per bottle,12 bottles - $287.88,,,
TCM 30 Cabernet Sauvignon 2022 ,United States,Cabernet Sauvignon,Special-Edition California Cabernet,,1 Review,$27.99 per bottle,12 bottles - $335.88,,,
Bloom & Bounty Chardonnay 2024 ,United States,Chardonnay,Rich California Chardonnay,,4 Reviews,$19.99 per bottle,12 bottles - $239.88,,,
La Multa Albilla Sobre Lías 2023 ,Spain,Albilla de Villamalea,Rare Spanish White,,1 Review,$34.99 per bottle,12 bottles - $419.88,,,
Black Saint Peter Zinfandel Wine Box 2022 ,United States,Zinfandel,Old-Vine California Zinfandel—Now in a Sleek Box,,608 Reviews,$32.99 per box,12 boxes - $395.88,,,
Touché William Knuttel Cabernet Sauvignon Reserve 2022 ,United States,Cabernet Sauvignon,Luxe Napa Cabernet Reserve,,4 Reviews,$69.99 per bottle,6 bottles - $419.94,,,
On The Line Chenin Blanc 2024 ,United States,Chenin Blanc,Elegant California Chenin Blanc,,12 Reviews,$24.99 per bottle,12 bottles - $299.88,,,
Palacio del Conde Gran Selección (magnum) 2016 ,Spain,Tempranillo,Double-Gold Spanish Gran Selección,,778 Reviews,$38.99 per bottle,12 bottles - $467.88,,,
Momtazi Family Estate Pinot Noir 2017 ,United States,Pinot Noir,Exceptional Oregon Pinot,,7 Reviews,$59.99 per bottle,12 bottles - $719.88,,,
Momtazi Family Estate Pinot Noir 2016 ,United States,Pinot Noir,Oregon’s Most Unique Pinot Noir,,7 Reviews,$59.99 per bottle,12 bottles - $719.88,,,
Alfred Hitchcock Petit Verdot 2021 ,United States,Petit Verdot,"Deep, Dark California Petit Verdot",,4 Reviews,$19.99 per bottle,12 bottles - $239.88,,,
Schroeder Estate El Patrimonio 2022 ,Argentina,Cabernet-based blend,Ultra-Rare Patagonia Cabernet,,5 Reviews,$34.99 per bottle,12 bottles - $419.88,,,
NPR Throughline White Blend 2021 ,United States,White blend,Vibrant California White,,3 Reviews,$23.99 per bottle,12 bottles - $287.88,,,
Claude Lafond La Raie Reuilly Blanc 2023 ,France,Sauvignon Blanc,Fine Loire Valley Sauvignon,,3 Reviews,$32.99 per bottle,12 bottles - $395.88,,,
Claude Lafond La Raie Reuilly Blanc 2021 ,France,Sauvignon Blanc,Fine Loire Valley Sauvignon,,3 Reviews,$29.99 per bottle,12 bottles - $359.88,,,
Selva del Moro Chianti Classico 2020 ,Italy,Sangiovese-based blend,Organically Grown Chianti Classico,,13 Reviews,$29.99 per bottle,12 bottles - $359.88,,,
Château Hoclet 2020 ,France,Merlot-based blend,91+ Point Boutique Bordeaux,,4 Reviews,$28.99 per bottle,12 bottles - $347.88,,,
A Trip To The Moon White Blend 2021 ,United States,White blend,Vibrant California White,,6 Reviews,$18.99 per bottle,12 bottles - $227.88,,,
Capisco Ribolla Gialla Spumante NV ,Italy,Ribolla Gialla,Italian Sparkling Secret,,9 Reviews,$18.99 per bottle,12 bottles - $227.88,,,
Alerancia 2019 ,Italy,White blend,Elegant Italian Orange Wine,,10 Reviews,$26.99 per bottle,12 bottles - $323.88,$323.88,$239.88,Save $84.00
Field of Stones Marlborough Rosé 2022 ,New Zealand,Pinot Noir-based blend,Top-Estate New Zealand Rosé,,2 Reviews,$24.99 per bottle,12 bottles - $299.88,,,
Fluette Gamay 2024 ,France,Gamay,Gamay All-Day,,,$21.99 per bottle,12 bottles - $263.88,$263.88,$179.88,Save $84.00
Blues Brothers Petite Sirah 2019 ,United States,Petite Sirah,Limited-Edition California Petite Sirah,,10 Reviews,$19.99 per bottle,12 bottles - $239.88,,,
Le Roi Pinot Noir 2019 ,United States,Pinot Noir,Elegant Sonoma Pinot,,4 Reviews,$39.99 per bottle,12 bottles - $479.88,,,
Harold Lloyd Petite Sirah 2019 ,United States,Petite Sirah,Smooth California Petite Sirah,,16 Reviews,$19.99 per bottle,12 bottles - $239.88,,,
L'Chateau Red Wine 2021 ,United States,Red blend,Top-Estate California Red,,38 Reviews,$19.99 per bottle,12 bottles - $239.88,,,
Stone Pine Cabernet Sauvignon Navarra 2022 ,Spain,Cabernet Sauvignon,Barrel-Aged Spanish Cabernet,,19 Reviews,$24.99 per bottle,12 bottles - $299.88,,,
RedHeads Harmonie Rox Chardonnay 2023 ,Australia,Chardonnay,"Vibrant, Gold-Medal Australian Chardonnay",,9 Reviews,$24.99 per bottle,12 bottles - $299.88,,,
Château Les Aubitriés 2022 ,France,Merlot-based blend,Gold-Medal Red Bordeaux,,40 Reviews,$19.99 per bottle,12 bottles - $239.88,,,
Fortissimo 2022 ,Portugal,Touriga Nacional-based blend,Bold Portuguese Blockbuster,,53 Reviews,$19.99 per bottle,12 bottles - $239.88,,,
Diemersdal Winter Ferment Sauvignon Blanc 2021 ,South Africa,Sauvignon Blanc,Top-Estate Sauvignon Blanc,,9 Reviews,$39.99 per bottle,12 bottles - $479.88,,,
Shroud Mountain Cabernet Sauvignon Magnum 2022 ,United States,Cabernet Sauvignon,Hugely Popular California Cabernet—in Magnum,,511 Reviews,$49.99 per bottle,12 bottles - $599.88,,,
Hole in the Clouds Sauvignon Blanc 2023 ,New Zealand,Sauvignon Blanc,Top-Estate New Zealand Sauvignon Blanc,,80 Reviews,$23.99 per bottle,12 bottles - $287.88,,,
Barbuto Primitivo 2024 ,Italy,Primitivo,Top-Estate Italian Primitivo,,109 Reviews,$21.99 per bottle,12 bottles - $263.88,,,
Manga del Brujo Blanco 2022 ,Spain,Macabeo-based blend,Old-Vine Spanish White,,19 Reviews,$26.99 per bottle,12 bottles - $323.88,,,
Création d'Émilie Châteauneuf-du-Pape 2020 ,France,Grenache-based blend,94-Point Châteauneuf Superstar,,25 Reviews,$54.99 per bottle,12 bottles - $659.88,,,
The Prophet by Chapel Hill McLaren Vale Cabernet Sauvignon 2023 ,Australia,Cabernet Sauvignon,Alluring Aussie Cab,,18 Reviews,$29.99 per bottle,12 bottles - $359.88,,,
Le Rosé de La Clarière 2024 ,France,Cabernet Franc-based blend,Boutique Bordeaux Rosé,,1 Review,$29.99 per bottle,12 bottles - $359.88,,,
Pillastro Selezione d'Oro Magnum 2021 ,Italy,Primitivo-based blend,Special-Edition Italian Red,,766 Reviews,$45.99 per bottle,12 bottles - $551.88,,,
Luciani Brunello di Montalcino 2020 ,Italy,Sangiovese,Boutique Estate's Fine Brunello,,17 Reviews,$64.99 per bottle,12 bottles - $779.88,,,
Luciani Brunello di Montalcino 2017 ,Italy,Sangiovese,93-Point Brunello di Montalcino,,4 Reviews,$59.99 per bottle,12 bottles - $719.88,,,
Wyfold Vineyard Rosé 2018 ,United Kingdom,Pinot Noir-based blend,"Fine, 96-Point English Rosé Bubbly",,6 Reviews,$64.99 per bottle,12 bottles - $779.88,,,
Wyfold Vineyard Rosé 2017 ,United Kingdom,Pinot Noir-based blend,Trophy-Winning English Rosé Bubbly,,6 Reviews,$64.99 per bottle,12 bottles - $779.88,,,
Windsor Great Park Vineyard Release 7 NV ,United Kingdom,Chardonnay-based blend,Elegant Champagne Rival,,3 Reviews,$69.99 per bottle,12 bottles - $839.88,,,
Raymond District Collection The Bench Press 2022 ,United States,Cabernet Sauvignon,Glorious Napa Cabernet,,8 Reviews,$119.99 per bottle,6 bottles - $719.94,,,
Château Ramage La Batisse 2011 ,France,Cabernet-based blend,Cru Bourgeois Supérieur,,64 Reviews,$31.99 per bottle,12 bottles - $383.88,,,
Altos de la Guardia Crianza Rioja 2020 ,Spain,Tempranillo,"90-Point, Gold-Medal Rioja",,241 Reviews,$25.99 per bottle,12 bottles - $311.88,,,
Heredad Chavarri Albariño Rías Baixas 2023 ,Spain,Albariño,Top-Estate Spanish Albariño,,49 Reviews,$26.99 per bottle,12 bottles - $323.88,,,
Château L'Evangile 2015 ,France,Merlot-based blend,Mature 100-Point Pomerol Icon,,,$299.99 per bottle,12 bottles - $3599.88,,,
Château Calon-Ségur 2016 ,France,Cabernet-based blend,Mature 100-Point St-Éstephe,,,$199.99 per bottle,12 bottles - $2399.88,,,
Villa Broglia Gavi di Gavi 2023 ,Italy,Cortese,Elegant Gavi di Gavi,,119 Reviews,$24.99 per bottle,12 bottles - $299.88,,,
Barón de Barbón Oak Aged Rioja 2022 ,Spain,Tempranillo,Boutique Rioja Favorite,,419 Reviews,$15.99 per bottle,12 bottles - $191.88,,,
SOMM TV English Sparkling Collection  ,,,The Cream of English Sparkling Wine,,,,4 bottles - $260.96,$260.96,$179.96,Save $81.00
SOMM TV Château La Clarière Vertical Collection (Reds)  ,,,Travel through Three Vintages in Bordeaux,,,,6 bottles - $239.94,$239.94,$189.94,Save $50.00
"SOMM TV Château La Clarière Collection (Red, White, Rosé)  ",,,Uncork Tony Laithwaite’s Three Signature Wines,,,,6 bottles - $209.94,$209.94,$169.94,Save $40.00
SOMM TV Heritage Collection  ,,,Journey Through Bordeaux with Tony Laithwaite,,,,6 bottles - $207.94,$207.94,$169.94,Save $38.00
Le Presbytere de La Clariere 2022 (6 btls)-initial deposit 2022 ,,,,,,,,,,
Inside Track Sonoma Coast Pinot Noir 2023 (6 btls)-initial deposit 2023 ,,,,,,,,,,
Inside Track Sonoma Coast Pinot Noir 2023 (12 btls)-initial deposit 2023 ,,,,,,,,,,
Norrel Robertson Thank You Deal  ,,,,,,,12 bottles - $255.88,$255.88,$179.88,Save $76.00
Leonardo Palumbo Thank You Deal  ,,,"A Dozen Rich Reds from an Italian Legend—Over 20% Off
",,,,12 bottles - $215.88,$215.88,$167.88,Save $48.00
1888 Barossa Cabernet Sauvignon 2023 (12 bottles)  ,,,RedHeads 1888 Cabernet Vineyard Partnership (12 btls),,,,12 bottles - $479.88,$479.88,$299.88,Save $180.00
Premium Napa Trio  ,,,Rare Trio: Exceptional Napa Valley Cabernet,,,,3 bottles - $269.97,$269.97,$185.97,Save $84.00
Le Presbytere de La Clariere 2022 (3 btls)-initial deposit 2022 ,,,,,,,,,,
Bordeaux Red Wine Gift Set  ,France,,Classic Bordeaux Gift Box,,,,2 bottles - $74.99,,,
Classic Italian Red & White in Italy Lovers Gift Box  ,Italy,,Classic Italian Red & White Gift Box,,,,2 bottles - $74.99,,,
Fine Italian Reds Trio in Wood Box NV ,Italy,,93-Point Amarone Trio in a Wood Box,,,,3 bottles - $149.99,,,
Chateau La Clariere Trio in Wood Box NV ,France,,Best Buys in Bordeaux,,,,3 bottles - $129.99,,,
"Champagne Réserve in ""Happy Birthday"" Wood Box NV ",France,Pinot Noir-based blend,Special Birthday Champagne,,,$74.99 per bottle,12 bottles - $899.88,,,
"Champagne in ""Congratulations"" Wood Box NV ",France,Chardonnay-based blend,Say Congratulations with Champagne,,,$74.99 per bottle,12 bottles - $899.88,,,
"Champagne Réserve in ""Thank You"" Wood Box NV ",France,Pinot Noir-based blend,Champagne to Show Your Appreciation,,,$74.99 per bottle,12 bottles - $899.88,,,
"Saint-Émilion Grand Cru 2019 in ""Thank You"" Wood Box 2019 ",France,Merlot-based blend,Say Thank You with a Saint-Émilion Grand Cru,,,$74.99 per bottle,12 bottles - $899.88,,,
Due Nipoti 2022 ,Italy,Merlot-based blend,Acclaimed Barrel-Aged Super Tuscan,,,$34.99 per bottle,12 bottles - $419.88,,,
Château Vieux Moulin 2018 ,France,Merlot-based blend,Esteemed Cru Bourgeois Bordeaux,,,$39.99 per bottle,12 bottles - $479.88,,,
Lost Isle Cabernet Sauvignon Clarksburg Magnums 2022 ,United States,Cabernet Sauvignon,Esteemed California Cabernet—in MAGNUM,,,$47.99 per bottle,12 bottles - $575.88,,,
Tenuta Fenice Riserva (Magnum) 2022 ,Italy,Red blend,Historic Old-Vine Sicilian Riserva – in MAGNUM,,,$54.99 per bottle,12 bottles - $659.88,,,
Touché William Knuttel Merlot Napa Valley 2023 ,United States,Merlot,Mind-Changing California Merlot,,,$64.99 per bottle,12 bottles - $779.88,,,
Maison Guillot Hermitage 2021 ,France,Syrah,High-Caliber Hermitage,,,$99.99 per bottle,12 bottles - $1199.88,,,
Inside Track Limited Release Margaret River Chardonnay 2024 ,Australia,Chardonnay,Top-Secret Australian Chardonnay,,,$69.99 per bottle,12 bottles - $839.88,,,
Fogbound Pinot Noir 2023 ,United States,Pinot Noir,Coastal-Cool California Pinot,,4 Reviews,$59.99 per bottle,12 bottles - $719.88,,,
Château La Fleur Saint Bonnet 2023 ,France,Merlot-based blend,95-Point Bordeaux Discovery,,4 Reviews,$29.99 per bottle,12 bottles - $359.88,,,
Les Belons 2023 ,France,White blend,Seafood-Ready French White,,5 Reviews,$24.99 per bottle,12 bottles - $299.88,,,
Julien Bouchard Pommard 1er Cru Clos Micault 2022 ,France,Pinot Noir,Impressive Pommard,,,$99.99 per bottle,12 bottles - $1199.88,,,
Julien Bouchard Savigny-les-Beaune 1er Cru les Peuillets 2019 ,France,Pinot Noir,Standout Savigny,,,$79.99 per bottle,12 bottles - $959.88,,,
Julien Bouchard Charmes-Chambertin Grand Cru 2018 ,France,Pinot Noir,Vibrant Red Burgundy,,,$299.99 per bottle,12 bottles - $3599.88,,,
Edouard Leiber Gewürztraminer Grand Cru Hatschbourg 2023 ,France,Gewürztraminer,Stunning Alsace Grand Cru Gewürztraminer,,,$49.99 per bottle,12 bottles - $599.88,,,
Edouard Leiber Riesling Grand Cru Pfingstberg 2023 ,France,Riesling,Impressive Alsace Grand Cru Riesling,,,$49.99 per bottle,12 bottles - $599.88,,,
Armagia Etna Bianco 2021 ,Italy,Carricante,Old-Vine Sicilian Specialty,,,$39.99 per bottle,12 bottles - $479.88,,,
Jets Uncorked Legacy Cabernet Sauvignon (Wood Box Trio) 2022 ,United States,Cabernet Sauvignon,,,,,3 bottles - $119.97,,,
Cabalié Blanc 2023 ,France,Viognier-based blend,Luscious Southern French White,,28 Reviews,$17.99 per bottle,12 bottles - $215.88,,,
Silver Puffs Sauvignon Blanc Magnum 2023 ,United States,Sauvignon Blanc,Tropical Sauvignon Magnum,,,$42.99 per bottle,12 bottles - $515.88,,,
The Magpie Sauvignon Blanc 2023 ,United States,Sauvignon Blanc,Boutique Napa Sauvignon Blanc,,4 Reviews,$29.99 per bottle,12 bottles - $359.88,,,
GFF Petite Sirah 2024 ,United States,Petite Sirah,Family-made California Red,,8 Reviews,$21.99 per bottle,12 bottles - $263.88,,,
Lustrum Petite Sirah 2024 ,United States,Petite Sirah,"Petite Sirah, BIG flavor",,8 Reviews,$21.99 per bottle,12 bottles - $263.88,,,
La Multa Albilla Sobre Lías 2024 ,Spain,Albilla de Villamalea,A True Spanish Gem,,1 Review,$34.99 per bottle,12 bottles - $419.88,,,
Lost Isle Chardonnay 2024 ,United States,Chardonnay,Acclaimed California Chardonnay,,1 Review,$22.99 per bottle,12 bottles - $275.88,,,
Château La Clarière (magnum) 2022 ,France,Merlot-based blend,Multi-Gold 2022 Bordeaux in Magnum,,,$99.99 per bottle,12 bottles - $1199.88,,,
14/27 Assyrtiko 2022 ,Greece,Assyrtiko,Classic Greek Assyrtiko,,2 Reviews,$29.99 per bottle,12 bottles - $359.88,,,
Château Haut Bardin 2022 ,France,Merlot-based blend,Multi-Gold-Medal Bordeaux,,,$19.99 per bottle,12 bottles - $239.88,,,
Touché William Knuttel Cabernet Sauvignon 2022 ,United States,Cabernet Sauvignon,Boutique Sonoma Cabernet,,7 Reviews,$49.99 per bottle,12 bottles - $599.88,,,
Altestelle Spumante  ,Italy,Negroamaro,Atlernative Italian Sparkles,,8 Reviews,$19.99 per bottle,12 bottles - $239.88,,,
Illustrious Reserve Red Blend 2020 ,United States,Red blend,Gold-Medal Luxe Napa Reserve,,1 Review,$69.99 per bottle,12 bottles - $839.88,,,
Camera Obscura Petit Verdot 2024 ,United States,Petit Verdot,"Deep, Dark California Petit Verdot",,8 Reviews,$21.99 per bottle,12 bottles - $263.88,,,
Camera Obscura Red Blend 2022 ,United States,Red blend,"Deep, Dark, 94-Point California Red",,8 Reviews,$21.99 per bottle,12 bottles - $263.88,,,
Ticking Clock White Blend 2024 ,United States,White blend,Delicious Lodi Discovery,,10 Reviews,$21.99 per bottle,12 bottles - $263.88,,,
Villa Clarius 2022 ,France,Carignan,Gold-Medal Southern French Red,,5 Reviews,$17.99 per bottle,12 bottles - $215.88,,,
Vinas de Vaquero Pinot Noir 2021 ,United States,Pinot Noir,"90-Point, Gold-Medal Sonoma Pinot Noir",,12 Reviews,$32.99 per bottle,12 bottles - $395.88,,,
Vinas de Vaquero Chardonnay 2021 ,United States,Chardonnay,Pioneering Sonoma Chardonnay,,6 Reviews,$29.99 per bottle,12 bottles - $359.88,,,
Theo-Patra's Cuvee Cerise 2021 ,United States,Red blend,Trailblazing California Red,,4 Reviews,$39.99 per bottle,12 bottles - $479.88,,,
Les Pépites 2023 ,France,Malbec-based blend,90-Point French Malbec Blend,,9 Reviews,$22.99 per bottle,12 bottles - $275.88,,,
Muraccio 2021 ,Italy,Sangiovese-based blend,"Rare, 91-Point Super Tuscan",,6 Reviews,$29.99 per bottle,12 bottles - $359.88,,,
Edouard Leiber Cuvée Prestige 2023 ,France,White blend,Family Estate’s Alsatian Cuvée,,3 Reviews,$22.99 per bottle,12 bottles - $275.88,,,
Pica Zabal Rioja 2022 ,Spain,Graciano-based blend,Organically Grown Rioja Rarity,,11 Reviews,$24.99 per bottle,12 bottles - $299.88,,,
Velvet Room Reserve 2022 ,United States,Red blend,Ultra-Rare Napa Luxury,,1 Review,$99.99 per bottle,12 bottles - $1199.88,,,
Amelior Merlot 2020 ,United States,Merlot,Silky California Merlot,,13 Reviews,$21.99 per bottle,12 bottles - $263.88,,,
Fogbound Arroyo Seco Clairette 2021 ,United States,Clairette,90-Point California Discovery,,2 Reviews,$24.99 per bottle,12 bottles - $299.88,,,
Château Rigaud 2016 ,France,Syrah-based blend,91-Point Southern French Superstar,,4 Reviews,$27.99 per bottle,12 bottles - $335.88,,,
Château Franc Bigaroux 2020 ,France,Merlot-based blend,92-Point Saint-Émilion Grand Cru,,5 Reviews,$49.99 per bottle,12 bottles - $599.88,,,
Diving Board White Blend 2021 ,United States,White blend,Delightful California White,,2 Reviews,$18.99 per bottle,12 bottles - $227.88,,,
Château Le Bonalguet 2022 ,France,Merlot-based blend,Glory-Vintage Bordeaux,,18 Reviews,$24.99 per bottle,12 bottles - $299.88,,,
Palumbo Riserva 2012 ,Italy,Nero di Troia,90-Point Italian Riserva,,6 Reviews,$28.99 per bottle,12 bottles - $347.88,,,
River Rock Syrah 2019 ,United States,Syrah,Elegant Sonoma Syrah,,2 Reviews,$34.99 per bottle,12 bottles - $419.88,,,
Hommage à J Duèze 2020 ,France,Grenache-based blend,Divine Châteauneuf-du-Pape,,1 Review,$42.99 per bottle,12 bottles - $515.88,,,
Alambrado Malbec Blanco 2025 ,Argentina,Malbec,Unexpected White Malbec,,23 Reviews,$19.99 per bottle,12 bottles - $239.88,,,
Collezione di Paolo Contrappasso 2022 ,Italy,Sangiovese-based blend,Top-Estate Super Tuscan,,12 Reviews,$25.99 per bottle,12 bottles - $311.88,,,
L'Épiphanie de Saint-Émilion Grand Cru 2019 ,France,Merlot-based blend,Prestigious Saint-Émilion Grand Cru,,8 Reviews,$59.99 per bottle,12 bottles - $719.88,,,
Château Moine Vieux Saint-Émilion Grand Cru 2015 ,France,Merlot-based blend,90-Point Saint-Émilion Grand Cru,,1 Review,$39.99 per bottle,12 bottles - $479.88,,,
Knotwood Horse Heaven Hills Cabernet Sauvignon Magnum 2019 ,United States,Cabernet Sauvignon,Barrel-Aged Washington Cab—in MAGNUM,,9 Reviews,$44.99 per bottle,12 bottles - $539.88,,,
Raymond Library Collection Cabernet Sauvignon 2000 ,United States,Cabernet Sauvignon,Top Estate’s Mature Napa Cabernet,,1 Review,$99.99 per bottle,6 bottles - $599.94,$599.94,$479.94,Save $120.00
Château Despagnet 2020 ,France,Merlot-based blend,2020 Saint-Émilion Award-Winner,,13 Reviews,$39.99 per bottle,12 bottles - $479.88,$479.88,$299.88,Save $180.00
Luciani Rosso di Montalcino 2022 ,Italy,Sangiovese,Top-Estate Tuscan Specialty,,6 Reviews,$32.99 per bottle,12 bottles - $395.88,,,
Castillo de Epifanía Rioja Alta Reserva 2017 ,Spain,Tempranillo,Acclaimed Rioja Reserva,,24 Reviews,$28.99 per bottle,12 bottles - $347.88,,,
Tablas Creek Cuvee Paso Blanc 2020 ,United States,White blend,"Iconic, Organically Grown California White",,1 Review,$42.99 per bottle,12 bottles - $515.88,,,
ROC Clairet 2022 ,France,Merlot,Bordeaux's Original Rosé,,5 Reviews,$19.99 per bottle,12 bottles - $239.88,,,
Gold Star Red Wine 2018 ,United States,Red blend,Barrel-Aged Napa Valley Exclusive,,18 Reviews,$32.99 per bottle,12 bottles - $395.88,$395.88,$299.88,Save $96.00
Les Deux Vallées Savennières 2019 ,France,Chenin Blanc,Elegant Loire Chenin Blanc,,6 Reviews,$39.99 per bottle,12 bottles - $479.88,,,
Crab & Sole Monterey County Pinot Blanc Magnum 2020 ,United States,Pinot Blanc,Seafood-Ready California White—in Magnum!,,12 Reviews,$39.99 per bottle,12 bottles - $479.88,,,
Borgo Torre 2023 ,Italy,Bianchello di Metauro,Rare Italian White,,3 Reviews,$39.99 per bottle,12 bottles - $479.88,,,
Borgo Torre 2021 ,Italy,Bianchello di Metauro,Gold-Medal Italian White,,3 Reviews,$37.99 per bottle,12 bottles - $455.88,,,
Bowhead Columbia Valley Sauvignon Blanc Magnum 2019 ,United States,Sauvignon Blanc,Ultra-Fresh Washington Sauvignon—in Magnum,,13 Reviews,$38.99 per bottle,12 bottles - $467.88,,,
The Inaugural Gold Edition R Collection by Raymond Cabernet 2024 ,United States,Cabernet Sauvignon,Gold-Edition California Cabernet,,65 Reviews,$29.99 per bottle,12 bottles - $359.88,,,
Salt Shaker Sauvignon Blanc Magnum 2019 ,United States,Sauvignon Blanc,Crisp California Sauvignon MAGNUM,,1 Review,$44.99 per bottle,undefined bottles - $44.99,,,
Vallino 2020 ,Italy,Cabernet-based blend,Refined Super Tuscan,,34 Reviews,$38.99 per bottle,12 bottles - $467.88,,,
Vallino 2019 ,Italy,Cabernet-based blend,92-Point Super Tuscan,,34 Reviews,$34.99 per bottle,12 bottles - $419.88,,,
Pagos de Tahola Selección de Martin 2016 ,Spain,Tempranillo-based blend,Stellar Single-Vineyard Rioja,,21 Reviews,$40.99 per bottle,12 bottles - $491.88,,,
L'Epiphanie de Pauillac 2020 ,France,Cabernet-based blend,Elite Pauillac from Superb Vintage,,1 Review,$89.99 per bottle,12 bottles - $1079.88,,,
L'Epiphanie de Pauillac 2019 ,France,Cabernet-based blend,Rare Bordeaux Opportunity,,1 Review,$69.99 per bottle,12 bottles - $839.88,,,
Fine Form Chardonnay Mendocino County 2020 ,United States,Chardonnay,Premium California Chardonnay,,95 Reviews,$22.99 per bottle,12 bottles - $275.88,,,
RedHeads 1888 Cabernet Sauvignon 2023 ,Australia,Cabernet Sauvignon,Impressive Barossa Valley Caberne,,21 Reviews,$39.99 per bottle,12 bottles - $479.88,,,
Champagne Brigitte Delmotte Réserve NV ,France,Pinot Noir-based blend,Double-Gold Réserve Champagne,,3 Reviews,$64.99 per bottle,12 bottles - $779.88,,,
Selvarossa dei Confratelli Riserva 2020 ,Italy,Negroamaro-based blend,"92-Point, Insiders-Only Italian Riserva",,13 Reviews,$39.99 per bottle,12 bottles - $479.88,,,
Bold Move Red Blend 2022 ,United States,Red blend,Acclaimed California Red Blend,,136 Reviews,$15.99 per bottle,12 bottles - $191.88,,,
Currant Bun Red Blend 2024 ,United States,Red blend,A True California Treat,,82 Reviews,$16.99 per bottle,12 bottles - $203.88,,,
Currant Bun Red Blend 2022 ,United States,Red blend,Gold-Medal California Red,,82 Reviews,$16.99 per bottle,12 bottles - $203.88,,,
Saracosa Governo Rosso (magnum) 2023 ,Italy,Sangiovese-based blend,Bestselling Tuscan Red—in MAGNUM,,763 Reviews,$51.99 per bottle,12 bottles - $623.88,,,
L’Épiphanie de Saint-Émilion 2023 ,France,Merlot-based blend,Top-Secret Saint-Émilion Royalty,,3 Reviews,$89.99 per bottle,12 bottles - $1079.88,,,
Château La Clarière 2019 ,France,Merlot-based blend,92-Point 2019 Bordeaux,,23 Reviews,$39.99 per bottle,12 bottles - $479.88,,,
Harrow & Hope Blanc de Noirs 2018 ,United Kingdom,Pinot Noir-based blend,Gold-Medal English Bubbly,,1 Review,$65.99 per bottle,12 bottles - $791.88,,,
Violette de Mireval 2024 ,France,Négrette,Vibrant French Rosé,,9 Reviews,$17.99 per bottle,12 bottles - $215.88,,,
Gold Star Vermentino Grenache Blanc 2021 ,United States,White blend,Vibrant California White,,10 Reviews,$24.99 per bottle,12 bottles - $299.88,,,
Queen Bee Viognier 2025 ,South Africa,Viognier,Buzzy South Africa Viognier,,39 Reviews,$21.99 per bottle,12 bottles - $263.88,$263.88,$167.88,Save $96.00
Château Troplong-Mondot 2018 ,France,Merlot-based blend,98-Point Saint-Émilion Premier Grand Cru Classé,,,$139.99 per bottle,12 bottles - $1679.88,,,
CA-BEAR-NAY Cabernet Sauvignon 2024 ,United States,Cabernet Sauvignon,Sumptuous California Cabernet,,124 Reviews,$23.99 per bottle,12 bottles - $287.88,,,
Petticoat White Zinfandel 2020 ,United States,Zinfandel,Award-Winning White Zinfandel,,2 Reviews,,12 bottles - $155.88,$155.88,$129.88,Save $26.00
Le Fughe 2022 ,Italy,Cabernet Sauvignon,Tuscan Cabernet,,,$42.99 per bottle,12 bottles - $515.88,,,
Le Fughe 2021 ,Italy,Cabernet Sauvignon,Rare Tuscan Cabernet,,43 Reviews,$39.99 per bottle,12 bottles - $479.88,,,
Domaine Daniel Reverdy Le Clos de Chaudenay 2022 ,France,Sauvignon Blanc,"Sophisticated, Gold-Medal Sancerre",,,$54.99 per bottle,12 bottles - $659.88,,,
La Révélation Roussanne 2024 ,France,Roussanne,Gorgeous French Roussanne,,56 Reviews,$25.99 per bottle,12 bottles - $311.88,,,
Création d'Émilie B Châteauneuf-du-Pape 2021 ,France,Grenache-based blend,91-93 Point Châteauneuf Superstar,,25 Reviews,$54.99 per bottle,12 bottles - $659.88,,,
Scarànto 2022 ,Italy,Sangiovese-based blend,Luxurious Super Tuscan,,79 Reviews,$36.99 per bottle,12 bottles - $443.88,,,
Barón de Barbón Albariño Rías Baixas 2023 ,Spain,Albariño,Succulent Spanish Albariño,,78 Reviews,$24.99 per bottle,12 bottles - $299.88,,,
Château Marquisat de Binet 2010 ,France,Merlot-based blend,Fine 2010 Saint-Émilion,,11 Reviews,$39.99 per bottle,12 bottles - $479.88,,,
Le Rosé de La Clarière 2023 ,France,Cabernet Franc-based blend,Rare Boutique Bordeaux Rosé,,1 Review,$29.99 per bottle,12 bottles - $359.88,,,
Château Canet Vieilles Vignes Blanc 2022 ,France,Roussanne-based blend,Old-Vine French Réserve White,,6 Reviews,$29.99 per bottle,12 bottles - $359.88,,,
Luciani Brunello di Montalcino Riserva 2017 ,Italy,Sangiovese,Smooth and Complex Brunello Riserva,,3 Reviews,$79.99 per bottle,12 bottles - $959.88,,,
Luciani Brunello di Montalcino 2018 ,Italy,Sangiovese,93-Point Brunello di Montalcino,,17 Reviews,$64.99 per bottle,12 bottles - $779.88,,,
Château Léoville-Barton 2016 ,France,Cabernet-based blend,97-Point Saint-Julien Grand Cru Classé,,,$199.99 per bottle,12 bottles - $2399.88,,,
Windsor Great Park Vineyard 2016 ,United Kingdom,Chardonnay-based blend,94-Point Champagne Rival,,6 Reviews,$69.99 per bottle,12 bottles - $839.88,,,
Château Pontet-Canet Pauillac 5eme Cru Classé Organic 2017 ,France,Cabernet-based blend,Mature 96-Point Pauillac Cru Classé,,,$149.99 per bottle,12 bottles - $1799.88,,,
Pedra do Cribo Albariño 2018 ,Spain,Albariño,91-Point Spanish Albariño,,30 Reviews,$32.99 per bottle,12 bottles - $395.88,,,
El Bombero Gran Reserva 2017 ,Spain,Garnacha-based blend,Perfectly Mature Gran Reserva,,660 Reviews,$19.99 per bottle,12 bottles - $239.88,,,
Château Sixtine Châteauneuf-du-Pape Blanc 2023 ,France,Roussanne,Rare White Châteauneuf,,,$69.99 per bottle,12 bottles - $839.88,,,
Château Sixtine Châteauneuf-du-Pape 2022 ,France,Grenache-based blend,93-Point Châteauneuf Icon,,8 Reviews,$69.99 per bottle,12 bottles - $839.88,,,
Château Sixtine Châteauneuf-du-Pape 2021 ,France,Grenache-based blend,"Top-Estate, 93-Point Châteauneuf-du-Pape",,8 Reviews,$69.99 per bottle,12 bottles - $839.88,,,
Château Sixtine Châteauneuf-du-Pape 2020 ,France,Grenache-based blend,Top Estate’s 93-Point Châteauneuf-du-Pape,,6 Reviews,$69.99 per bottle,12 bottles - $839.88,,,
Bees Knees Chenin Blanc Viognier 2025 ,South Africa,White blend,It Really is the Bee's Knees,,330 Reviews,$17.99 per bottle,12 bottles - $215.88,,,
Alambrado Gran Chardonnay 2024 ,Argentina,Chardonnay,Fruity Argentinian Chardonnay,,,$22.99 per bottle,12 bottles - $275.88,,,
Château du Tertre Belair 2022 ,France,Merlot-based blend,Glory-Vintage 2022 Bordeaux,,53 Reviews,$28.99 per bottle,12 bottles - $347.88,,,
Peña Garnacha 2024 ,Spain,Garnacha,Old-Vine Spanish Garnacha,,10 Reviews,$16.99 per bottle,12 bottles - $203.88,,,
Aluado Alicante Bouschet 2024 ,Portugal,Alicante Bouschet,Bestselling Portuguese Red,,1501 Reviews,$15.99 per bottle,12 bottles - $191.88,,,
Le Secret des Etoiles Pinot Noir 2023 ,France,Pinot Noir,"Luxurious, Barrel-Aged French Pinot Noir",,35 Reviews,$29.99 per bottle,12 bottles - $359.88,,,
Jean-Pierre Moueix Pomerol 2021 ,France,Merlot-based blend,Top Pomerol from Pétrus Legend,,3 Reviews,$69.99 per bottle,12 bottles - $839.88,,,
Château Larcis Ducasse St Émilion Grand Cru Classé 2017 ,France,Merlot-based blend,96-Point Saint-Émilion Premier Grand Cru Classé,,,$99.99 per bottle,12 bottles - $1199.88,,,
Château La Conseillante 2018 ,France,Merlot-based blend,Mature 98-Point Pomerol,,,$329.99 per bottle,12 bottles - $3959.88,,,
Château d'Armailhac 2009 ,France,Cabernet-based blend,93-Point Grand Cru Classé Pauillac,,,$149.99 per bottle,12 bottles - $1799.88,,,
Château Giscours 2010 ,France,Cabernet-based blend,95-Point Margaux Grand Cru Classé,,,$149.99 per bottle,12 bottles - $1799.88,,,
Altos R Pigeage Tempranillo 2020 ,Spain,Tempranillo,95-Point Multi-Gold 'Grand Cru' Rioja,,13 Reviews,$39.99 per bottle,12 bottles - $479.88,,,
Altos de la Guardia Tempranillo Rioja 2023 ,Spain,Tempranillo,Acclaimed Estate's Rioja,,190 Reviews,$21.99 per bottle,12 bottles - $263.88,,,
Altos de la Guardia Reserva Rioja 2018 ,Spain,Tempranillo,91-Point Rioja Reserva,,128 Reviews,$32.99 per bottle,12 bottles - $395.88,,,
Collezione di Paolo Bianco Vergine 2023 ,Italy,Trebbiano,Top-Estate Tuscan White,,53 Reviews,$19.99 per bottle,12 bottles - $239.88,,,
Collezione di Paolo Verso Cielo Rosso di Toscana 2020 ,Italy,Cabernet-based blend,Top-Estate Super Tuscan,,92 Reviews,$29.99 per bottle,12 bottles - $359.88,,,
Cuvée du Vatican Réserve de l'Abbé Châteauneuf-du-Pape 2020 ,France,Grenache-based blend,Top-Estate Châteauneuf Exclusive,,18 Reviews,$44.99 per bottle,12 bottles - $539.88,,,
Brightwater Nelson Sauvignon Blanc 2022 ,New Zealand,Sauvignon Blanc,94-Point New Zealand Sauvignon Blanc,,27 Reviews,$25.99 per bottle,12 bottles - $311.88,,,
Villa Broglia Gavi di Gavi 2020 ,Italy,Cortese,93-Point Gavi di Gavi,,119 Reviews,$24.99 per bottle,12 bottles - $299.88,,,
